year,state,sightings_year,breweries,per_capita_gdp_current,num_movies,Urban,Suburban,Rural
1974,AK,2,NA,8324,4,NA,NA,NA
1974,AL,5,NA,8324,4,NA,NA,NA
1974,AR,1,NA,8324,4,NA,NA,NA
1974,AZ,3,NA,8324,4,NA,NA,NA
1974,CA,29,NA,8324,4,NA,NA,NA
1974,CO,8,NA,8324,4,NA,NA,NA
1974,CT,5,NA,8324,4,NA,NA,NA
1974,DE,1,NA,8324,4,NA,NA,NA
1974,FL,13,NA,8324,4,NA,NA,NA
1974,GA,7,NA,8324,4,NA,NA,NA
1974,IA,2,NA,8324,4,NA,NA,NA
1974,ID,2,NA,8324,4,NA,NA,NA
1974,IL,9,NA,8324,4,NA,NA,NA
1974,IN,6,NA,8324,4,NA,NA,NA
1974,KS,5,NA,8324,4,NA,NA,NA
1974,KY,11,NA,8324,4,NA,NA,NA
1974,LA,10,NA,8324,4,NA,NA,NA
1974,MA,8,NA,8324,4,NA,NA,NA
1974,MD,3,NA,8324,4,NA,NA,NA
1974,ME,6,NA,8324,4,NA,NA,NA
1974,MI,12,NA,8324,4,NA,NA,NA
1974,MN,5,NA,8324,4,NA,NA,NA
1974,MO,6,NA,8324,4,NA,NA,NA
1974,MS,5,NA,8324,4,NA,NA,NA
1974,NC,9,NA,8324,4,NA,NA,NA
1974,ND,1,NA,8324,4,NA,NA,NA
1974,NH,1,NA,8324,4,NA,NA,NA
1974,NJ,8,NA,8324,4,NA,NA,NA
1974,NM,3,NA,8324,4,NA,NA,NA
1974,NY,12,NA,8324,4,NA,NA,NA
1974,OH,16,NA,8324,4,NA,NA,NA
1974,OK,5,NA,8324,4,NA,NA,NA
1974,OR,4,NA,8324,4,NA,NA,NA
1974,PA,9,NA,8324,4,NA,NA,NA
1974,RI,2,NA,8324,4,NA,NA,NA
1974,SC,3,NA,8324,4,NA,NA,NA
1974,TN,4,NA,8324,4,NA,NA,NA
1974,TX,12,NA,8324,4,NA,NA,NA
1974,UT,2,NA,8324,4,NA,NA,NA
1974,VA,4,NA,8324,4,NA,NA,NA
1974,VT,1,NA,8324,4,NA,NA,NA
1974,WA,12,NA,8324,4,NA,NA,NA
1974,WI,4,NA,8324,4,NA,NA,NA
1974,WV,3,NA,8324,4,NA,NA,NA
1975,AK,1,NA,9340,5,NA,NA,NA
1975,AL,6,NA,9340,5,NA,NA,NA
1975,AR,1,NA,9340,5,NA,NA,NA
1975,AZ,10,NA,9340,5,NA,NA,NA
1975,CA,24,NA,9340,5,NA,NA,NA
1975,CO,5,NA,9340,5,NA,NA,NA
1975,CT,11,NA,9340,5,NA,NA,NA
1975,FL,21,NA,9340,5,NA,NA,NA
1975,GA,5,NA,9340,5,NA,NA,NA
1975,IA,4,NA,9340,5,NA,NA,NA
1975,ID,3,NA,9340,5,NA,NA,NA
1975,IL,10,NA,9340,5,NA,NA,NA
1975,IN,11,NA,9340,5,NA,NA,NA
1975,KS,4,NA,9340,5,NA,NA,NA
1975,KY,8,NA,9340,5,NA,NA,NA
1975,LA,2,NA,9340,5,NA,NA,NA
1975,MA,8,NA,9340,5,NA,NA,NA
1975,MD,7,NA,9340,5,NA,NA,NA
1975,ME,3,NA,9340,5,NA,NA,NA
1975,MI,9,NA,9340,5,NA,NA,NA
1975,MN,9,NA,9340,5,NA,NA,NA
1975,MO,3,NA,9340,5,NA,NA,NA
1975,MS,6,NA,9340,5,NA,NA,NA
1975,MT,2,NA,9340,5,NA,NA,NA
1975,NC,7,NA,9340,5,NA,NA,NA
1975,ND,1,NA,9340,5,NA,NA,NA
1975,NH,2,NA,9340,5,NA,NA,NA
1975,NJ,8,NA,9340,5,NA,NA,NA
1975,NM,4,NA,9340,5,NA,NA,NA
1975,NV,6,NA,9340,5,NA,NA,NA
1975,NY,24,NA,9340,5,NA,NA,NA
1975,OH,11,NA,9340,5,NA,NA,NA
1975,OK,2,NA,9340,5,NA,NA,NA
1975,OR,2,NA,9340,5,NA,NA,NA
1975,PA,14,NA,9340,5,NA,NA,NA
1975,RI,3,NA,9340,5,NA,NA,NA
1975,SC,7,NA,9340,5,NA,NA,NA
1975,TN,3,NA,9340,5,NA,NA,NA
1975,TX,19,NA,9340,5,NA,NA,NA
1975,UT,2,NA,9340,5,NA,NA,NA
1975,VA,10,NA,9340,5,NA,NA,NA
1975,VT,1,NA,9340,5,NA,NA,NA
1975,WA,14,NA,9340,5,NA,NA,NA
1975,WI,10,NA,9340,5,NA,NA,NA
1975,WV,2,NA,9340,5,NA,NA,NA
1975,WY,1,NA,9340,5,NA,NA,NA
1976,AK,5,NA,9555,3,NA,NA,NA
1976,AL,2,NA,9555,3,NA,NA,NA
1976,AR,2,NA,9555,3,NA,NA,NA
1976,AZ,4,NA,9555,3,NA,NA,NA
1976,CA,34,NA,9555,3,NA,NA,NA
1976,CO,9,NA,9555,3,NA,NA,NA
1976,CT,6,NA,9555,3,NA,NA,NA
1976,DE,1,NA,9555,3,NA,NA,NA
1976,FL,22,NA,9555,3,NA,NA,NA
1976,GA,4,NA,9555,3,NA,NA,NA
1976,IA,3,NA,9555,3,NA,NA,NA
1976,IL,7,NA,9555,3,NA,NA,NA
1976,IN,4,NA,9555,3,NA,NA,NA
1976,KS,3,NA,9555,3,NA,NA,NA
1976,KY,10,NA,9555,3,NA,NA,NA
1976,LA,4,NA,9555,3,NA,NA,NA
1976,MA,7,NA,9555,3,NA,NA,NA
1976,MD,2,NA,9555,3,NA,NA,NA
1976,ME,6,NA,9555,3,NA,NA,NA
1976,MI,11,NA,9555,3,NA,NA,NA
1976,MN,7,NA,9555,3,NA,NA,NA
1976,MO,6,NA,9555,3,NA,NA,NA
1976,MS,5,NA,9555,3,NA,NA,NA
1976,MT,2,NA,9555,3,NA,NA,NA
1976,NC,4,NA,9555,3,NA,NA,NA
1976,ND,2,NA,9555,3,NA,NA,NA
1976,NE,1,NA,9555,3,NA,NA,NA
1976,NH,4,NA,9555,3,NA,NA,NA
1976,NJ,6,NA,9555,3,NA,NA,NA
1976,NM,3,NA,9555,3,NA,NA,NA
1976,NV,2,NA,9555,3,NA,NA,NA
1976,NY,16,NA,9555,3,NA,NA,NA
1976,OH,15,NA,9555,3,NA,NA,NA
1976,OK,3,NA,9555,3,NA,NA,NA
1976,OR,6,NA,9555,3,NA,NA,NA
1976,PA,12,NA,9555,3,NA,NA,NA
1976,RI,3,NA,9555,3,NA,NA,NA
1976,SC,2,NA,9555,3,NA,NA,NA
1976,SD,1,NA,9555,3,NA,NA,NA
1976,TN,5,NA,9555,3,NA,NA,NA
1976,TX,18,NA,9555,3,NA,NA,NA
1976,UT,2,NA,9555,3,NA,NA,NA
1976,VA,7,NA,9555,3,NA,NA,NA
1976,VT,2,NA,9555,3,NA,NA,NA
1976,WA,13,NA,9555,3,NA,NA,NA
1976,WI,3,NA,9555,3,NA,NA,NA
1976,WV,1,NA,9555,3,NA,NA,NA
1976,WY,2,NA,9555,3,NA,NA,NA
1977,AK,1,NA,10310,3,NA,NA,NA
1977,AL,3,NA,10310,3,NA,NA,NA
1977,AR,3,NA,10310,3,NA,NA,NA
1977,AZ,4,NA,10310,3,NA,NA,NA
1977,CA,42,NA,10310,3,NA,NA,NA
1977,CO,8,NA,10310,3,NA,NA,NA
1977,CT,7,NA,10310,3,NA,NA,NA
1977,FL,14,NA,10310,3,NA,NA,NA
1977,GA,4,NA,10310,3,NA,NA,NA
1977,HI,2,NA,10310,3,NA,NA,NA
1977,IA,1,NA,10310,3,NA,NA,NA
1977,ID,2,NA,10310,3,NA,NA,NA
1977,IL,12,NA,10310,3,NA,NA,NA
1977,IN,8,NA,10310,3,NA,NA,NA
1977,KS,1,NA,10310,3,NA,NA,NA
1977,KY,10,NA,10310,3,NA,NA,NA
1977,LA,3,NA,10310,3,NA,NA,NA
1977,MA,4,NA,10310,3,NA,NA,NA
1977,MD,7,NA,10310,3,NA,NA,NA
1977,ME,2,NA,10310,3,NA,NA,NA
1977,MI,8,NA,10310,3,NA,NA,NA
1977,MN,3,NA,10310,3,NA,NA,NA
1977,MO,6,NA,10310,3,NA,NA,NA
1977,MS,9,NA,10310,3,NA,NA,NA
1977,MT,1,NA,10310,3,NA,NA,NA
1977,NC,5,NA,10310,3,NA,NA,NA
1977,ND,2,NA,10310,3,NA,NA,NA
1977,NE,1,NA,10310,3,NA,NA,NA
1977,NH,10,NA,10310,3,NA,NA,NA
1977,NJ,1,NA,10310,3,NA,NA,NA
1977,NM,4,NA,10310,3,NA,NA,NA
1977,NV,2,NA,10310,3,NA,NA,NA
1977,NY,15,NA,10310,3,NA,NA,NA
1977,OH,10,NA,10310,3,NA,NA,NA
1977,OK,3,NA,10310,3,NA,NA,NA
1977,OR,6,NA,10310,3,NA,NA,NA
1977,PA,12,NA,10310,3,NA,NA,NA
1977,RI,3,NA,10310,3,NA,NA,NA
1977,SC,4,NA,10310,3,NA,NA,NA
1977,TN,2,NA,10310,3,NA,NA,NA
1977,TX,14,NA,10310,3,NA,NA,NA
1977,UT,1,NA,10310,3,NA,NA,NA
1977,VA,2,NA,10310,3,NA,NA,NA
1977,VT,3,NA,10310,3,NA,NA,NA
1977,WA,7,NA,10310,3,NA,NA,NA
1977,WI,5,NA,10310,3,NA,NA,NA
1977,WV,1,NA,10310,3,NA,NA,NA
1978,AK,3,NA,11313,10,NA,NA,NA
1978,AL,5,NA,11313,10,NA,NA,NA
1978,AZ,8,NA,11313,10,NA,NA,NA
1978,CA,54,NA,11313,10,NA,NA,NA
1978,CO,3,NA,11313,10,NA,NA,NA
1978,CT,4,NA,11313,10,NA,NA,NA
1978,FL,11,NA,11313,10,NA,NA,NA
1978,GA,7,NA,11313,10,NA,NA,NA
1978,HI,1,NA,11313,10,NA,NA,NA
1978,IA,2,NA,11313,10,NA,NA,NA
1978,ID,3,NA,11313,10,NA,NA,NA
1978,IL,9,NA,11313,10,NA,NA,NA
1978,IN,8,NA,11313,10,NA,NA,NA
1978,KS,3,NA,11313,10,NA,NA,NA
1978,KY,3,NA,11313,10,NA,NA,NA
1978,LA,6,NA,11313,10,NA,NA,NA
1978,MA,16,NA,11313,10,NA,NA,NA
1978,MD,1,NA,11313,10,NA,NA,NA
1978,ME,3,NA,11313,10,NA,NA,NA
1978,MI,23,NA,11313,10,NA,NA,NA
1978,MN,5,NA,11313,10,NA,NA,NA
1978,MO,9,NA,11313,10,NA,NA,NA
1978,MS,5,NA,11313,10,NA,NA,NA
1978,MT,2,NA,11313,10,NA,NA,NA
1978,NC,7,NA,11313,10,NA,NA,NA
1978,ND,2,NA,11313,10,NA,NA,NA
1978,NH,9,NA,11313,10,NA,NA,NA
1978,NJ,8,NA,11313,10,NA,NA,NA
1978,NM,5,NA,11313,10,NA,NA,NA
1978,NV,2,NA,11313,10,NA,NA,NA
1978,NY,20,NA,11313,10,NA,NA,NA
1978,OH,9,NA,11313,10,NA,NA,NA
1978,OK,1,NA,11313,10,NA,NA,NA
1978,OR,6,NA,11313,10,NA,NA,NA
1978,PA,17,NA,11313,10,NA,NA,NA
1978,RI,1,NA,11313,10,NA,NA,NA
1978,SC,4,NA,11313,10,NA,NA,NA
1978,SD,1,NA,11313,10,NA,NA,NA
1978,TN,8,NA,11313,10,NA,NA,NA
1978,TX,22,NA,11313,10,NA,NA,NA
1978,UT,1,NA,11313,10,NA,NA,NA
1978,VA,3,NA,11313,10,NA,NA,NA
1978,WA,14,NA,11313,10,NA,NA,NA
1978,WI,2,NA,11313,10,NA,NA,NA
1978,WV,2,NA,11313,10,NA,NA,NA
1978,WY,1,NA,11313,10,NA,NA,NA
1979,AL,1,NA,12493,4,NA,NA,NA
1979,AR,2,NA,12493,4,NA,NA,NA
1979,AZ,6,NA,12493,4,NA,NA,NA
1979,CA,38,NA,12493,4,NA,NA,NA
1979,CO,3,NA,12493,4,NA,NA,NA
1979,CT,1,NA,12493,4,NA,NA,NA
1979,FL,11,NA,12493,4,NA,NA,NA
1979,GA,6,NA,12493,4,NA,NA,NA
1979,HI,1,NA,12493,4,NA,NA,NA
1979,IA,2,NA,12493,4,NA,NA,NA
1979,IL,13,NA,12493,4,NA,NA,NA
1979,IN,6,NA,12493,4,NA,NA,NA
1979,KY,4,NA,12493,4,NA,NA,NA
1979,LA,5,NA,12493,4,NA,NA,NA
1979,MA,5,NA,12493,4,NA,NA,NA
1979,MD,5,NA,12493,4,NA,NA,NA
1979,ME,3,NA,12493,4,NA,NA,NA
1979,MI,12,NA,12493,4,NA,NA,NA
1979,MN,4,NA,12493,4,NA,NA,NA
1979,MO,5,NA,12493,4,NA,NA,NA
1979,MS,4,NA,12493,4,NA,NA,NA
1979,MT,1,NA,12493,4,NA,NA,NA
1979,NC,9,NA,12493,4,NA,NA,NA
1979,ND,1,NA,12493,4,NA,NA,NA
1979,NE,3,NA,12493,4,NA,NA,NA
1979,NJ,12,NA,12493,4,NA,NA,NA
1979,NM,3,NA,12493,4,NA,NA,NA
1979,NV,1,NA,12493,4,NA,NA,NA
1979,NY,17,NA,12493,4,NA,NA,NA
1979,OH,6,NA,12493,4,NA,NA,NA
1979,OK,2,NA,12493,4,NA,NA,NA
1979,OR,4,NA,12493,4,NA,NA,NA
1979,PA,12,NA,12493,4,NA,NA,NA
1979,RI,2,NA,12493,4,NA,NA,NA
1979,SC,4,NA,12493,4,NA,NA,NA
1979,SD,1,NA,12493,4,NA,NA,NA
1979,TN,2,NA,12493,4,NA,NA,NA
1979,TX,14,NA,12493,4,NA,NA,NA
1979,UT,1,NA,12493,4,NA,NA,NA
1979,VA,5,NA,12493,4,NA,NA,NA
1979,VT,1,NA,12493,4,NA,NA,NA
1979,WA,10,NA,12493,4,NA,NA,NA
1979,WI,4,NA,12493,4,NA,NA,NA
1979,WV,4,NA,12493,4,NA,NA,NA
1980,AK,1,NA,13826,8,NA,NA,NA
1980,AL,4,NA,13826,8,NA,NA,NA
1980,AR,3,NA,13826,8,NA,NA,NA
1980,AZ,4,NA,13826,8,NA,NA,NA
1980,CA,36,NA,13826,8,NA,NA,NA
1980,CO,4,NA,13826,8,NA,NA,NA
1980,CT,8,NA,13826,8,NA,NA,NA
1980,DE,1,NA,13826,8,NA,NA,NA
1980,FL,8,NA,13826,8,NA,NA,NA
1980,GA,6,NA,13826,8,NA,NA,NA
1980,HI,1,NA,13826,8,NA,NA,NA
1980,IA,3,NA,13826,8,NA,NA,NA
1980,ID,2,NA,13826,8,NA,NA,NA
1980,IL,8,NA,13826,8,NA,NA,NA
1980,IN,5,NA,13826,8,NA,NA,NA
1980,KS,3,NA,13826,8,NA,NA,NA
1980,KY,4,NA,13826,8,NA,NA,NA
1980,LA,2,NA,13826,8,NA,NA,NA
1980,MA,5,NA,13826,8,NA,NA,NA
1980,MD,3,NA,13826,8,NA,NA,NA
1980,ME,4,NA,13826,8,NA,NA,NA
1980,MI,12,NA,13826,8,NA,NA,NA
1980,MN,6,NA,13826,8,NA,NA,NA
1980,MO,7,NA,13826,8,NA,NA,NA
1980,NC,3,NA,13826,8,NA,NA,NA
1980,NE,5,NA,13826,8,NA,NA,NA
1980,NH,4,NA,13826,8,NA,NA,NA
1980,NJ,7,NA,13826,8,NA,NA,NA
1980,NM,2,NA,13826,8,NA,NA,NA
1980,NV,1,NA,13826,8,NA,NA,NA
1980,NY,10,NA,13826,8,NA,NA,NA
1980,OH,9,NA,13826,8,NA,NA,NA
1980,OK,6,NA,13826,8,NA,NA,NA
1980,OR,6,NA,13826,8,NA,NA,NA
1980,PA,6,NA,13826,8,NA,NA,NA
1980,SC,1,NA,13826,8,NA,NA,NA
1980,TN,6,NA,13826,8,NA,NA,NA
1980,TX,16,NA,13826,8,NA,NA,NA
1980,UT,4,NA,13826,8,NA,NA,NA
1980,VA,7,NA,13826,8,NA,NA,NA
1980,VT,1,NA,13826,8,NA,NA,NA
1980,WA,14,NA,13826,8,NA,NA,NA
1980,WI,4,NA,13826,8,NA,NA,NA
1980,WV,3,NA,13826,8,NA,NA,NA
1980,WY,1,NA,13826,8,NA,NA,NA
1981,AK,1,NA,14966,4,NA,NA,NA
1981,AL,1,NA,14966,4,NA,NA,NA
1981,AR,3,NA,14966,4,NA,NA,NA
1981,AZ,7,NA,14966,4,NA,NA,NA
1981,CA,35,NA,14966,4,NA,NA,NA
1981,CO,6,NA,14966,4,NA,NA,NA
1981,CT,1,NA,14966,4,NA,NA,NA
1981,DE,1,NA,14966,4,NA,NA,NA
1981,FL,8,NA,14966,4,NA,NA,NA
1981,GA,2,NA,14966,4,NA,NA,NA
1981,IA,2,NA,14966,4,NA,NA,NA
1981,ID,1,NA,14966,4,NA,NA,NA
1981,IL,4,NA,14966,4,NA,NA,NA
1981,IN,2,NA,14966,4,NA,NA,NA
1981,KS,1,NA,14966,4,NA,NA,NA
1981,KY,5,NA,14966,4,NA,NA,NA
1981,LA,3,NA,14966,4,NA,NA,NA
1981,MA,6,NA,14966,4,NA,NA,NA
1981,MD,1,NA,14966,4,NA,NA,NA
1981,ME,1,NA,14966,4,NA,NA,NA
1981,MI,4,NA,14966,4,NA,NA,NA
1981,MN,4,NA,14966,4,NA,NA,NA
1981,MO,6,NA,14966,4,NA,NA,NA
1981,MS,1,NA,14966,4,NA,NA,NA
1981,NC,5,NA,14966,4,NA,NA,NA
1981,NE,3,NA,14966,4,NA,NA,NA
1981,NH,2,NA,14966,4,NA,NA,NA
1981,NJ,5,NA,14966,4,NA,NA,NA
1981,NM,3,NA,14966,4,NA,NA,NA
1981,NV,5,NA,14966,4,NA,NA,NA
1981,NY,6,NA,14966,4,NA,NA,NA
1981,OH,8,NA,14966,4,NA,NA,NA
1981,OK,4,NA,14966,4,NA,NA,NA
1981,OR,8,NA,14966,4,NA,NA,NA
1981,PA,5,NA,14966,4,NA,NA,NA
1981,RI,1,NA,14966,4,NA,NA,NA
1981,SC,3,NA,14966,4,NA,NA,NA
1981,SD,1,NA,14966,4,NA,NA,NA
1981,TN,2,NA,14966,4,NA,NA,NA
1981,TX,8,NA,14966,4,NA,NA,NA
1981,UT,2,NA,14966,4,NA,NA,NA
1981,VA,2,NA,14966,4,NA,NA,NA
1981,VT,1,NA,14966,4,NA,NA,NA
1981,WA,5,NA,14966,4,NA,NA,NA
1981,WI,2,NA,14966,4,NA,NA,NA
1982,AK,1,NA,15839,9,NA,NA,NA
1982,AR,3,NA,15839,9,NA,NA,NA
1982,AZ,3,NA,15839,9,NA,NA,NA
1982,CA,29,NA,15839,9,NA,NA,NA
1982,CO,4,NA,15839,9,NA,NA,NA
1982,CT,3,NA,15839,9,NA,NA,NA
1982,DE,1,NA,15839,9,NA,NA,NA
1982,FL,5,NA,15839,9,NA,NA,NA
1982,GA,1,NA,15839,9,NA,NA,NA
1982,IA,1,NA,15839,9,NA,NA,NA
1982,ID,1,NA,15839,9,NA,NA,NA
1982,IL,7,NA,15839,9,NA,NA,NA
1982,IN,3,NA,15839,9,NA,NA,NA
1982,KS,2,NA,15839,9,NA,NA,NA
1982,KY,3,NA,15839,9,NA,NA,NA
1982,LA,4,NA,15839,9,NA,NA,NA
1982,MA,6,NA,15839,9,NA,NA,NA
1982,MD,1,NA,15839,9,NA,NA,NA
1982,ME,2,NA,15839,9,NA,NA,NA
1982,MI,7,NA,15839,9,NA,NA,NA
1982,MN,2,NA,15839,9,NA,NA,NA
1982,MO,4,NA,15839,9,NA,NA,NA
1982,MS,2,NA,15839,9,NA,NA,NA
1982,MT,4,NA,15839,9,NA,NA,NA
1982,NC,11,NA,15839,9,NA,NA,NA
1982,ND,1,NA,15839,9,NA,NA,NA
1982,NE,2,NA,15839,9,NA,NA,NA
1982,NJ,7,NA,15839,9,NA,NA,NA
1982,NM,1,NA,15839,9,NA,NA,NA
1982,NV,3,NA,15839,9,NA,NA,NA
1982,NY,13,NA,15839,9,NA,NA,NA
1982,OH,7,NA,15839,9,NA,NA,NA
1982,OK,1,NA,15839,9,NA,NA,NA
1982,OR,1,NA,15839,9,NA,NA,NA
1982,PA,5,NA,15839,9,NA,NA,NA
1982,RI,3,NA,15839,9,NA,NA,NA
1982,SC,2,NA,15839,9,NA,NA,NA
1982,TN,6,NA,15839,9,NA,NA,NA
1982,TX,8,NA,15839,9,NA,NA,NA
1982,UT,3,NA,15839,9,NA,NA,NA
1982,VA,4,NA,15839,9,NA,NA,NA
1982,VT,1,NA,15839,9,NA,NA,NA
1982,WA,9,NA,15839,9,NA,NA,NA
1982,WI,4,NA,15839,9,NA,NA,NA
1982,WV,3,NA,15839,9,NA,NA,NA
1983,AK,1,NA,17043,10,NA,NA,NA
1983,AR,1,NA,17043,10,NA,NA,NA
1983,AZ,6,NA,17043,10,NA,NA,NA
1983,CA,17,NA,17043,10,NA,NA,NA
1983,CO,2,NA,17043,10,NA,NA,NA
1983,CT,3,NA,17043,10,NA,NA,NA
1983,FL,7,NA,17043,10,NA,NA,NA
1983,GA,3,NA,17043,10,NA,NA,NA
1983,HI,3,NA,17043,10,NA,NA,NA
1983,IA,2,NA,17043,10,NA,NA,NA
1983,ID,3,NA,17043,10,NA,NA,NA
1983,IL,5,NA,17043,10,NA,NA,NA
1983,IN,4,NA,17043,10,NA,NA,NA
1983,KS,2,NA,17043,10,NA,NA,NA
1983,LA,2,NA,17043,10,NA,NA,NA
1983,MA,5,NA,17043,10,NA,NA,NA
1983,MI,8,NA,17043,10,NA,NA,NA
1983,MN,3,NA,17043,10,NA,NA,NA
1983,MO,3,NA,17043,10,NA,NA,NA
1983,MS,1,NA,17043,10,NA,NA,NA
1983,NC,3,NA,17043,10,NA,NA,NA
1983,ND,2,NA,17043,10,NA,NA,NA
1983,NE,2,NA,17043,10,NA,NA,NA
1983,NH,1,NA,17043,10,NA,NA,NA
1983,NJ,6,NA,17043,10,NA,NA,NA
1983,NM,1,NA,17043,10,NA,NA,NA
1983,NV,6,NA,17043,10,NA,NA,NA
1983,NY,12,NA,17043,10,NA,NA,NA
1983,OH,4,NA,17043,10,NA,NA,NA
1983,OK,1,NA,17043,10,NA,NA,NA
1983,OR,3,NA,17043,10,NA,NA,NA
1983,PA,4,NA,17043,10,NA,NA,NA
1983,RI,1,NA,17043,10,NA,NA,NA
1983,SC,3,NA,17043,10,NA,NA,NA
1983,SD,1,NA,17043,10,NA,NA,NA
1983,TX,10,NA,17043,10,NA,NA,NA
1983,UT,1,NA,17043,10,NA,NA,NA
1983,VA,7,NA,17043,10,NA,NA,NA
1983,WA,3,NA,17043,10,NA,NA,NA
1983,WI,3,NA,17043,10,NA,NA,NA
1983,WV,1,NA,17043,10,NA,NA,NA
1983,WY,1,NA,17043,10,NA,NA,NA
1984,AK,2,NA,18612,11,NA,NA,NA
1984,AL,4,NA,18612,11,NA,NA,NA
1984,AR,3,NA,18612,11,NA,NA,NA
1984,AZ,2,NA,18612,11,NA,NA,NA
1984,CA,14,9,18612,11,NA,NA,NA
1984,CT,6,NA,18612,11,NA,NA,NA
1984,DE,2,NA,18612,11,NA,NA,NA
1984,FL,7,NA,18612,11,NA,NA,NA
1984,GA,10,NA,18612,11,NA,NA,NA
1984,HI,1,NA,18612,11,NA,NA,NA
1984,IA,2,NA,18612,11,NA,NA,NA
1984,ID,2,NA,18612,11,NA,NA,NA
1984,IL,4,NA,18612,11,NA,NA,NA
1984,IN,3,NA,18612,11,NA,NA,NA
1984,KY,5,NA,18612,11,NA,NA,NA
1984,LA,2,NA,18612,11,NA,NA,NA
1984,MA,3,NA,18612,11,NA,NA,NA
1984,MD,1,NA,18612,11,NA,NA,NA
1984,ME,4,NA,18612,11,NA,NA,NA
1984,MI,7,NA,18612,11,NA,NA,NA
1984,MN,3,NA,18612,11,NA,NA,NA
1984,MO,8,NA,18612,11,NA,NA,NA
1984,MS,1,NA,18612,11,NA,NA,NA
1984,MT,3,NA,18612,11,NA,NA,NA
1984,NC,2,NA,18612,11,NA,NA,NA
1984,NE,2,NA,18612,11,NA,NA,NA
1984,NH,1,NA,18612,11,NA,NA,NA
1984,NJ,3,NA,18612,11,NA,NA,NA
1984,NM,3,NA,18612,11,NA,NA,NA
1984,NV,1,NA,18612,11,NA,NA,NA
1984,NY,16,NA,18612,11,NA,NA,NA
1984,OH,10,NA,18612,11,NA,NA,NA
1984,OR,3,NA,18612,11,NA,NA,NA
1984,PA,8,4,18612,11,NA,NA,NA
1984,SC,2,NA,18612,11,NA,NA,NA
1984,SD,1,NA,18612,11,NA,NA,NA
1984,TN,1,NA,18612,11,NA,NA,NA
1984,TX,14,4,18612,11,NA,NA,NA
1984,UT,3,NA,18612,11,NA,NA,NA
1984,VA,5,NA,18612,11,NA,NA,NA
1984,WA,3,4,18612,11,NA,NA,NA
1984,WI,5,5,18612,11,NA,NA,NA
1984,WV,1,NA,18612,11,NA,NA,NA
1984,WY,1,NA,18612,11,NA,NA,NA
1985,AK,2,NA,19931,9,NA,NA,NA
1985,AL,4,NA,19931,9,NA,NA,NA
1985,AR,3,NA,19931,9,NA,NA,NA
1985,AZ,6,NA,19931,9,NA,NA,NA
1985,CA,28,12,19931,9,NA,NA,NA
1985,CO,2,NA,19931,9,NA,NA,NA
1985,CT,6,NA,19931,9,NA,NA,NA
1985,FL,16,NA,19931,9,NA,NA,NA
1985,GA,5,NA,19931,9,NA,NA,NA
1985,HI,3,NA,19931,9,NA,NA,NA
1985,IL,4,NA,19931,9,NA,NA,NA
1985,IN,3,NA,19931,9,NA,NA,NA
1985,KS,4,NA,19931,9,NA,NA,NA
1985,KY,1,NA,19931,9,NA,NA,NA
1985,LA,3,NA,19931,9,NA,NA,NA
1985,MA,2,NA,19931,9,NA,NA,NA
1985,MD,1,NA,19931,9,NA,NA,NA
1985,MI,4,NA,19931,9,NA,NA,NA
1985,MN,2,NA,19931,9,NA,NA,NA
1985,MO,8,NA,19931,9,NA,NA,NA
1985,NC,9,NA,19931,9,NA,NA,NA
1985,NE,3,NA,19931,9,NA,NA,NA
1985,NH,1,NA,19931,9,NA,NA,NA
1985,NJ,7,NA,19931,9,NA,NA,NA
1985,NM,2,NA,19931,9,NA,NA,NA
1985,NV,2,NA,19931,9,NA,NA,NA
1985,NY,20,NA,19931,9,NA,NA,NA
1985,OH,7,NA,19931,9,NA,NA,NA
1985,OK,2,NA,19931,9,NA,NA,NA
1985,OR,6,3,19931,9,NA,NA,NA
1985,PA,9,4,19931,9,NA,NA,NA
1985,SC,3,NA,19931,9,NA,NA,NA
1985,TN,2,NA,19931,9,NA,NA,NA
1985,TX,16,4,19931,9,NA,NA,NA
1985,UT,2,NA,19931,9,NA,NA,NA
1985,VA,6,NA,19931,9,NA,NA,NA
1985,VT,1,NA,19931,9,NA,NA,NA
1985,WA,7,4,19931,9,NA,NA,NA
1985,WI,6,6,19931,9,NA,NA,NA
1985,WV,3,NA,19931,9,NA,NA,NA
1985,WY,2,NA,19931,9,NA,NA,NA
1986,AK,5,NA,21333,10,NA,NA,NA
1986,AL,1,NA,21333,10,NA,NA,NA
1986,AR,2,NA,21333,10,NA,NA,NA
1986,AZ,6,NA,21333,10,NA,NA,NA
1986,CA,25,15,21333,10,NA,NA,NA
1986,CO,4,NA,21333,10,NA,NA,NA
1986,CT,2,NA,21333,10,NA,NA,NA
1986,FL,12,NA,21333,10,NA,NA,NA
1986,GA,6,NA,21333,10,NA,NA,NA
1986,HI,1,NA,21333,10,NA,NA,NA
1986,IA,4,NA,21333,10,NA,NA,NA
1986,IL,3,NA,21333,10,NA,NA,NA
1986,IN,3,NA,21333,10,NA,NA,NA
1986,KS,1,NA,21333,10,NA,NA,NA
1986,KY,10,NA,21333,10,NA,NA,NA
1986,LA,3,NA,21333,10,NA,NA,NA
1986,MA,2,NA,21333,10,NA,NA,NA
1986,MD,3,NA,21333,10,NA,NA,NA
1986,MI,6,NA,21333,10,NA,NA,NA
1986,MO,3,NA,21333,10,NA,NA,NA
1986,MS,1,NA,21333,10,NA,NA,NA
1986,MT,4,NA,21333,10,NA,NA,NA
1986,NC,8,NA,21333,10,NA,NA,NA
1986,NE,1,NA,21333,10,NA,NA,NA
1986,NH,1,NA,21333,10,NA,NA,NA
1986,NJ,1,NA,21333,10,NA,NA,NA
1986,NM,3,NA,21333,10,NA,NA,NA
1986,NV,2,NA,21333,10,NA,NA,NA
1986,NY,8,3,21333,10,NA,NA,NA
1986,OH,8,NA,21333,10,NA,NA,NA
1986,OK,3,NA,21333,10,NA,NA,NA
1986,OR,3,5,21333,10,NA,NA,NA
1986,PA,5,5,21333,10,NA,NA,NA
1986,SC,4,NA,21333,10,NA,NA,NA
1986,TN,4,NA,21333,10,NA,NA,NA
1986,TX,14,4,21333,10,NA,NA,NA
1986,UT,1,NA,21333,10,NA,NA,NA
1986,VA,5,NA,21333,10,NA,NA,NA
1986,WA,6,4,21333,10,NA,NA,NA
1986,WI,1,7,21333,10,NA,NA,NA
1986,WV,3,NA,21333,10,NA,NA,NA
1987,AK,3,NA,22729,10,NA,NA,NA
1987,AL,3,NA,22729,10,NA,NA,NA
1987,AR,7,NA,22729,10,NA,NA,NA
1987,AZ,8,NA,22729,10,NA,NA,NA
1987,CA,23,23,22729,10,NA,NA,NA
1987,CO,5,NA,22729,10,NA,NA,NA
1987,CT,3,NA,22729,10,NA,NA,NA
1987,FL,12,NA,22729,10,NA,NA,NA
1987,GA,3,NA,22729,10,NA,NA,NA
1987,IA,1,NA,22729,10,NA,NA,NA
1987,IL,9,NA,22729,10,NA,NA,NA
1987,IN,5,NA,22729,10,NA,NA,NA
1987,KS,6,NA,22729,10,NA,NA,NA
1987,KY,4,NA,22729,10,NA,NA,NA
1987,LA,1,NA,22729,10,NA,NA,NA
1987,MA,7,3,22729,10,NA,NA,NA
1987,MD,2,NA,22729,10,NA,NA,NA
1987,ME,3,NA,22729,10,NA,NA,NA
1987,MI,5,NA,22729,10,NA,NA,NA
1987,MN,4,4,22729,10,NA,NA,NA
1987,MO,7,NA,22729,10,NA,NA,NA
1987,MS,3,NA,22729,10,NA,NA,NA
1987,MT,2,NA,22729,10,NA,NA,NA
1987,NC,8,NA,22729,10,NA,NA,NA
1987,NE,1,NA,22729,10,NA,NA,NA
1987,NH,3,NA,22729,10,NA,NA,NA
1987,NJ,4,NA,22729,10,NA,NA,NA
1987,NM,2,NA,22729,10,NA,NA,NA
1987,NV,5,NA,22729,10,NA,NA,NA
1987,NY,17,4,22729,10,NA,NA,NA
1987,OH,6,NA,22729,10,NA,NA,NA
1987,OK,3,NA,22729,10,NA,NA,NA
1987,OR,5,8,22729,10,NA,NA,NA
1987,PA,3,6,22729,10,NA,NA,NA
1987,RI,1,NA,22729,10,NA,NA,NA
1987,SD,1,NA,22729,10,NA,NA,NA
1987,TN,2,NA,22729,10,NA,NA,NA
1987,TX,16,4,22729,10,NA,NA,NA
1987,UT,2,NA,22729,10,NA,NA,NA
1987,VA,2,NA,22729,10,NA,NA,NA
1987,VT,2,NA,22729,10,NA,NA,NA
1987,WA,6,4,22729,10,NA,NA,NA
1987,WI,11,10,22729,10,NA,NA,NA
1987,WV,1,NA,22729,10,NA,NA,NA
1987,WY,1,NA,22729,10,NA,NA,NA
1988,AK,2,NA,24818,12,NA,NA,NA
1988,AL,2,NA,24818,12,NA,NA,NA
1988,AR,4,NA,24818,12,NA,NA,NA
1988,AZ,9,NA,24818,12,NA,NA,NA
1988,CA,28,39,24818,12,NA,NA,NA
1988,CO,4,3,24818,12,NA,NA,NA
1988,CT,4,NA,24818,12,NA,NA,NA
1988,DE,1,NA,24818,12,NA,NA,NA
1988,FL,13,3,24818,12,NA,NA,NA
1988,GA,3,NA,24818,12,NA,NA,NA
1988,HI,1,NA,24818,12,NA,NA,NA
1988,IL,8,4,24818,12,NA,NA,NA
1988,IN,3,NA,24818,12,NA,NA,NA
1988,KY,4,NA,24818,12,NA,NA,NA
1988,LA,6,NA,24818,12,NA,NA,NA
1988,MA,5,3,24818,12,NA,NA,NA
1988,MD,2,NA,24818,12,NA,NA,NA
1988,ME,4,NA,24818,12,NA,NA,NA
1988,MI,6,3,24818,12,NA,NA,NA
1988,MN,5,5,24818,12,NA,NA,NA
1988,MO,10,NA,24818,12,NA,NA,NA
1988,MS,3,NA,24818,12,NA,NA,NA
1988,NC,5,NA,24818,12,NA,NA,NA
1988,NE,1,NA,24818,12,NA,NA,NA
1988,NH,3,NA,24818,12,NA,NA,NA
1988,NJ,6,NA,24818,12,NA,NA,NA
1988,NM,8,NA,24818,12,NA,NA,NA
1988,NV,4,NA,24818,12,NA,NA,NA
1988,NY,19,5,24818,12,NA,NA,NA
1988,OH,10,3,24818,12,NA,NA,NA
1988,OK,6,NA,24818,12,NA,NA,NA
1988,OR,1,13,24818,12,NA,NA,NA
1988,PA,8,6,24818,12,NA,NA,NA
1988,SC,5,NA,24818,12,NA,NA,NA
1988,TX,15,5,24818,12,NA,NA,NA
1988,UT,1,NA,24818,12,NA,NA,NA
1988,VA,5,NA,24818,12,NA,NA,NA
1988,VT,2,NA,24818,12,NA,NA,NA
1988,WA,10,7,24818,12,NA,NA,NA
1988,WI,5,12,24818,12,NA,NA,NA
1988,WV,3,NA,24818,12,NA,NA,NA
1989,AK,2,NA,26884,8,NA,NA,NA
1989,AL,1,NA,26884,8,NA,NA,NA
1989,AR,3,NA,26884,8,NA,NA,NA
1989,AZ,11,6,26884,8,NA,NA,NA
1989,CA,29,50,26884,8,NA,NA,NA
1989,CO,6,7,26884,8,NA,NA,NA
1989,CT,5,NA,26884,8,NA,NA,NA
1989,DE,1,NA,26884,8,NA,NA,NA
1989,FL,16,6,26884,8,NA,NA,NA
1989,GA,4,NA,26884,8,NA,NA,NA
1989,HI,1,NA,26884,8,NA,NA,NA
1989,IA,5,NA,26884,8,NA,NA,NA
1989,ID,3,3,26884,8,NA,NA,NA
1989,IL,14,5,26884,8,NA,NA,NA
1989,IN,2,4,26884,8,NA,NA,NA
1989,KS,2,NA,26884,8,NA,NA,NA
1989,KY,3,NA,26884,8,NA,NA,NA
1989,LA,4,NA,26884,8,NA,NA,NA
1989,MA,2,5,26884,8,NA,NA,NA
1989,MD,5,3,26884,8,NA,NA,NA
1989,ME,4,NA,26884,8,NA,NA,NA
1989,MI,3,3,26884,8,NA,NA,NA
1989,MO,9,NA,26884,8,NA,NA,NA
1989,MS,5,NA,26884,8,NA,NA,NA
1989,MT,1,NA,26884,8,NA,NA,NA
1989,NC,12,6,26884,8,NA,NA,NA
1989,NH,2,NA,26884,8,NA,NA,NA
1989,NJ,6,NA,26884,8,NA,NA,NA
1989,NM,4,NA,26884,8,NA,NA,NA
1989,NV,2,NA,26884,8,NA,NA,NA
1989,NY,19,6,26884,8,NA,NA,NA
1989,OH,5,5,26884,8,NA,NA,NA
1989,OK,6,NA,26884,8,NA,NA,NA
1989,OR,7,15,26884,8,NA,NA,NA
1989,PA,5,8,26884,8,NA,NA,NA
1989,RI,1,NA,26884,8,NA,NA,NA
1989,SC,3,NA,26884,8,NA,NA,NA
1989,TN,6,NA,26884,8,NA,NA,NA
1989,TX,15,7,26884,8,NA,NA,NA
1989,UT,2,NA,26884,8,NA,NA,NA
1989,VA,6,NA,26884,8,NA,NA,NA
1989,VT,1,3,26884,8,NA,NA,NA
1989,WA,6,8,26884,8,NA,NA,NA
1989,WI,5,14,26884,8,NA,NA,NA
1989,WV,4,NA,26884,8,NA,NA,NA
1989,WY,3,NA,26884,8,NA,NA,NA
1990,AK,3,NA,29218,7,NA,NA,NA
1990,AR,2,NA,29218,7,NA,NA,NA
1990,AZ,7,8,29218,7,NA,NA,NA
1990,CA,44,67,29218,7,NA,NA,NA
1990,CO,4,11,29218,7,NA,NA,NA
1990,CT,2,NA,29218,7,NA,NA,NA
1990,DE,4,NA,29218,7,NA,NA,NA
1990,FL,8,7,29218,7,NA,NA,NA
1990,GA,5,NA,29218,7,NA,NA,NA
1990,HI,1,NA,29218,7,NA,NA,NA
1990,IA,2,NA,29218,7,NA,NA,NA
1990,ID,1,3,29218,7,NA,NA,NA
1990,IL,8,6,29218,7,NA,NA,NA
1990,IN,8,4,29218,7,NA,NA,NA
1990,KS,1,NA,29218,7,NA,NA,NA
1990,KY,1,NA,29218,7,NA,NA,NA
1990,LA,4,NA,29218,7,NA,NA,NA
1990,MA,7,5,29218,7,NA,NA,NA
1990,MD,8,3,29218,7,NA,NA,NA
1990,ME,3,NA,29218,7,NA,NA,NA
1990,MI,9,3,29218,7,NA,NA,NA
1990,MN,5,7,29218,7,NA,NA,NA
1990,MO,3,NA,29218,7,NA,NA,NA
1990,MT,4,3,29218,7,NA,NA,NA
1990,NC,5,8,29218,7,NA,NA,NA
1990,ND,1,NA,29218,7,NA,NA,NA
1990,NE,3,NA,29218,7,NA,NA,NA
1990,NH,2,NA,29218,7,NA,NA,NA
1990,NJ,6,NA,29218,7,NA,NA,NA
1990,NM,3,NA,29218,7,NA,NA,NA
1990,NV,3,NA,29218,7,NA,NA,NA
1990,NY,13,8,29218,7,NA,NA,NA
1990,OH,5,6,29218,7,NA,NA,NA
1990,OK,4,NA,29218,7,NA,NA,NA
1990,OR,6,21,29218,7,NA,NA,NA
1990,PA,7,11,29218,7,NA,NA,NA
1990,RI,1,NA,29218,7,NA,NA,NA
1990,SC,2,NA,29218,7,NA,NA,NA
1990,TN,5,NA,29218,7,NA,NA,NA
1990,TX,15,8,29218,7,NA,NA,NA
1990,UT,2,NA,29218,7,NA,NA,NA
1990,VA,5,4,29218,7,NA,NA,NA
1990,WA,9,10,29218,7,NA,NA,NA
1990,WI,9,17,29218,7,NA,NA,NA
1991,AR,4,NA,30224,6,NA,NA,NA
1991,AZ,8,8,30224,6,NA,NA,NA
1991,CA,27,76,30224,6,NA,NA,NA
1991,CO,6,22,30224,6,NA,NA,NA
1991,CT,3,NA,30224,6,NA,NA,NA
1991,DE,1,NA,30224,6,NA,NA,NA
1991,FL,8,13,30224,6,NA,NA,NA
1991,GA,7,NA,30224,6,NA,NA,NA
1991,HI,1,NA,30224,6,NA,NA,NA
1991,IA,1,4,30224,6,NA,NA,NA
1991,ID,5,5,30224,6,NA,NA,NA
1991,IL,6,9,30224,6,NA,NA,NA
1991,IN,5,5,30224,6,NA,NA,NA
1991,KS,3,NA,30224,6,NA,NA,NA
1991,KY,6,NA,30224,6,NA,NA,NA
1991,MA,3,6,30224,6,NA,NA,NA
1991,MD,2,4,30224,6,NA,NA,NA
1991,ME,1,3,30224,6,NA,NA,NA
1991,MI,17,3,30224,6,NA,NA,NA
1991,MN,4,8,30224,6,NA,NA,NA
1991,MO,5,3,30224,6,NA,NA,NA
1991,MS,2,NA,30224,6,NA,NA,NA
1991,MT,2,5,30224,6,NA,NA,NA
1991,NC,5,11,30224,6,NA,NA,NA
1991,ND,1,NA,30224,6,NA,NA,NA
1991,NE,2,NA,30224,6,NA,NA,NA
1991,NH,4,NA,30224,6,NA,NA,NA
1991,NJ,7,NA,30224,6,NA,NA,NA
1991,NM,9,3,30224,6,NA,NA,NA
1991,NV,4,NA,30224,6,NA,NA,NA
1991,NY,18,13,30224,6,NA,NA,NA
1991,OH,6,9,30224,6,NA,NA,NA
1991,OK,1,NA,30224,6,NA,NA,NA
1991,OR,5,26,30224,6,NA,NA,NA
1991,PA,10,12,30224,6,NA,NA,NA
1991,SC,5,NA,30224,6,NA,NA,NA
1991,TN,5,NA,30224,6,NA,NA,NA
1991,TX,16,7,30224,6,NA,NA,NA
1991,UT,1,3,30224,6,NA,NA,NA
1991,VA,2,5,30224,6,NA,NA,NA
1991,WA,7,13,30224,6,NA,NA,NA
1991,WI,2,18,30224,6,NA,NA,NA
1992,AL,4,NA,31183,4,NA,NA,NA
1992,AR,1,NA,31183,4,NA,NA,NA
1992,AZ,3,7,31183,4,NA,NA,NA
1992,CA,36,93,31183,4,NA,NA,NA
1992,CO,3,27,31183,4,NA,NA,NA
1992,CT,4,NA,31183,4,NA,NA,NA
1992,FL,14,17,31183,4,NA,NA,NA
1992,GA,4,NA,31183,4,NA,NA,NA
1992,HI,2,NA,31183,4,NA,NA,NA
1992,IA,3,5,31183,4,NA,NA,NA
1992,ID,7,8,31183,4,NA,NA,NA
1992,IL,11,12,31183,4,NA,NA,NA
1992,IN,1,6,31183,4,NA,NA,NA
1992,KS,1,NA,31183,4,NA,NA,NA
1992,KY,3,NA,31183,4,NA,NA,NA
1992,LA,2,3,31183,4,NA,NA,NA
1992,MA,5,9,31183,4,NA,NA,NA
1992,MD,3,5,31183,4,NA,NA,NA
1992,ME,6,5,31183,4,NA,NA,NA
1992,MI,4,4,31183,4,NA,NA,NA
1992,MN,6,8,31183,4,NA,NA,NA
1992,MO,4,4,31183,4,NA,NA,NA
1992,MS,2,NA,31183,4,NA,NA,NA
1992,MT,2,7,31183,4,NA,NA,NA
1992,NC,5,12,31183,4,NA,NA,NA
1992,NE,1,5,31183,4,NA,NA,NA
1992,NH,4,3,31183,4,NA,NA,NA
1992,NJ,5,NA,31183,4,NA,NA,NA
1992,NM,4,5,31183,4,NA,NA,NA
1992,NV,5,NA,31183,4,NA,NA,NA
1992,NY,16,16,31183,4,NA,NA,NA
1992,OH,9,12,31183,4,NA,NA,NA
1992,OK,2,NA,31183,4,NA,NA,NA
1992,OR,4,30,31183,4,NA,NA,NA
1992,PA,12,12,31183,4,NA,NA,NA
1992,SC,3,NA,31183,4,NA,NA,NA
1992,SD,2,NA,31183,4,NA,NA,NA
1992,TN,4,3,31183,4,NA,NA,NA
1992,TX,19,8,31183,4,NA,NA,NA
1992,UT,3,4,31183,4,NA,NA,NA
1992,VA,8,7,31183,4,NA,NA,NA
1992,VT,1,6,31183,4,NA,NA,NA
1992,WA,9,15,31183,4,NA,NA,NA
1992,WI,6,19,31183,4,NA,NA,NA
1992,WV,2,NA,31183,4,NA,NA,NA
1992,WY,1,NA,31183,4,NA,NA,NA
1993,AK,1,3,31319,8,NA,NA,NA
1993,AL,3,NA,31319,8,NA,NA,NA
1993,AR,2,NA,31319,8,NA,NA,NA
1993,AZ,13,7,31319,8,NA,NA,NA
1993,CA,46,115,31319,8,NA,NA,NA
1993,CO,7,38,31319,8,NA,NA,NA
1993,CT,4,NA,31319,8,NA,NA,NA
1993,DE,2,NA,31319,8,NA,NA,NA
1993,FL,9,22,31319,8,NA,NA,NA
1993,GA,2,NA,31319,8,NA,NA,NA
1993,HI,6,NA,31319,8,NA,NA,NA
1993,IA,2,6,31319,8,NA,NA,NA
1993,ID,1,10,31319,8,NA,NA,NA
1993,IL,1,16,31319,8,NA,NA,NA
1993,IN,11,7,31319,8,NA,NA,NA
1993,KS,3,5,31319,8,NA,NA,NA
1993,KY,6,3,31319,8,NA,NA,NA
1993,LA,4,4,31319,8,NA,NA,NA
1993,MA,6,9,31319,8,NA,NA,NA
1993,MD,6,7,31319,8,NA,NA,NA
1993,ME,3,8,31319,8,NA,NA,NA
1993,MI,6,6,31319,8,NA,NA,NA
1993,MN,4,9,31319,8,NA,NA,NA
1993,MO,5,5,31319,8,NA,NA,NA
1993,MS,6,NA,31319,8,NA,NA,NA
1993,MT,5,10,31319,8,NA,NA,NA
1993,NC,8,14,31319,8,NA,NA,NA
1993,NE,3,6,31319,8,NA,NA,NA
1993,NH,2,4,31319,8,NA,NA,NA
1993,NJ,3,NA,31319,8,NA,NA,NA
1993,NM,5,8,31319,8,NA,NA,NA
1993,NV,3,3,31319,8,NA,NA,NA
1993,NY,22,20,31319,8,NA,NA,NA
1993,OH,14,15,31319,8,NA,NA,NA
1993,OK,3,4,31319,8,NA,NA,NA
1993,OR,4,37,31319,8,NA,NA,NA
1993,PA,8,12,31319,8,NA,NA,NA
1993,RI,1,NA,31319,8,NA,NA,NA
1993,SC,3,NA,31319,8,NA,NA,NA
1993,SD,1,NA,31319,8,NA,NA,NA
1993,TN,4,5,31319,8,NA,NA,NA
1993,TX,19,11,31319,8,NA,NA,NA
1993,UT,2,4,31319,8,NA,NA,NA
1993,VA,7,12,31319,8,NA,NA,NA
1993,VT,2,7,31319,8,NA,NA,NA
1993,WA,21,21,31319,8,NA,NA,NA
1993,WI,7,23,31319,8,NA,NA,NA
1993,WY,4,NA,31319,8,NA,NA,NA
1994,AK,2,3,31490,6,NA,NA,NA
1994,AL,8,NA,31490,6,NA,NA,NA
1994,AR,5,3,31490,6,NA,NA,NA
1994,AZ,11,11,31490,6,NA,NA,NA
1994,CA,70,127,31490,6,NA,NA,NA
1994,CO,5,51,31490,6,NA,NA,NA
1994,CT,4,NA,31490,6,NA,NA,NA
1994,DE,1,NA,31490,6,NA,NA,NA
1994,FL,22,27,31490,6,NA,NA,NA
1994,GA,5,3,31490,6,NA,NA,NA
1994,HI,4,NA,31490,6,NA,NA,NA
1994,IA,6,6,31490,6,NA,NA,NA
1994,ID,6,11,31490,6,NA,NA,NA
1994,IL,4,22,31490,6,NA,NA,NA
1994,IN,9,9,31490,6,NA,NA,NA
1994,KS,4,7,31490,6,NA,NA,NA
1994,KY,9,3,31490,6,NA,NA,NA
1994,LA,2,3,31490,6,NA,NA,NA
1994,MA,9,17,31490,6,NA,NA,NA
1994,MD,4,10,31490,6,NA,NA,NA
1994,ME,6,12,31490,6,NA,NA,NA
1994,MI,24,12,31490,6,NA,NA,NA
1994,MN,2,13,31490,6,NA,NA,NA
1994,MO,11,12,31490,6,NA,NA,NA
1994,MS,5,NA,31490,6,NA,NA,NA
1994,MT,2,12,31490,6,NA,NA,NA
1994,NC,10,20,31490,6,NA,NA,NA
1994,NE,2,6,31490,6,NA,NA,NA
1994,NJ,8,5,31490,6,NA,NA,NA
1994,NM,7,10,31490,6,NA,NA,NA
1994,NV,7,3,31490,6,NA,NA,NA
1994,NY,27,27,31490,6,NA,NA,NA
1994,OH,28,20,31490,6,NA,NA,NA
1994,OK,1,6,31490,6,NA,NA,NA
1994,OR,12,48,31490,6,NA,NA,NA
1994,PA,13,15,31490,6,NA,NA,NA
1994,SC,1,NA,31490,6,NA,NA,NA
1994,SD,5,NA,31490,6,NA,NA,NA
1994,TN,8,9,31490,6,NA,NA,NA
1994,TX,14,27,31490,6,NA,NA,NA
1994,UT,4,8,31490,6,NA,NA,NA
1994,VA,6,9,31490,6,NA,NA,NA
1994,WA,24,28,31490,6,NA,NA,NA
1994,WI,5,29,31490,6,NA,NA,NA
1994,WV,2,3,31490,6,NA,NA,NA
1994,WY,4,NA,31490,6,NA,NA,NA
1995,AK,8,5,31552,7,NA,NA,NA
1995,AL,11,5,31552,7,NA,NA,NA
1995,AR,5,3,31552,7,NA,NA,NA
1995,AZ,44,11,31552,7,NA,NA,NA
1995,CA,202,167,31552,7,NA,NA,NA
1995,CO,24,74,31552,7,NA,NA,NA
1995,CT,17,NA,31552,7,NA,NA,NA
1995,DE,1,4,31552,7,NA,NA,NA
1995,FL,51,36,31552,7,NA,NA,NA
1995,GA,18,6,31552,7,NA,NA,NA
1995,HI,6,4,31552,7,NA,NA,NA
1995,IA,7,6,31552,7,NA,NA,NA
1995,ID,10,15,31552,7,NA,NA,NA
1995,IL,37,26,31552,7,NA,NA,NA
1995,IN,14,10,31552,7,NA,NA,NA
1995,KS,13,13,31552,7,NA,NA,NA
1995,KY,14,7,31552,7,NA,NA,NA
1995,LA,8,4,31552,7,NA,NA,NA
1995,MA,23,27,31552,7,NA,NA,NA
1995,MD,9,12,31552,7,NA,NA,NA
1995,ME,19,21,31552,7,NA,NA,NA
1995,MI,57,24,31552,7,NA,NA,NA
1995,MN,7,18,31552,7,NA,NA,NA
1995,MO,24,13,31552,7,NA,NA,NA
1995,MS,6,NA,31552,7,NA,NA,NA
1995,MT,15,13,31552,7,NA,NA,NA
1995,NC,18,25,31552,7,NA,NA,NA
1995,ND,8,3,31552,7,NA,NA,NA
1995,NE,5,8,31552,7,NA,NA,NA
1995,NH,6,14,31552,7,NA,NA,NA
1995,NJ,20,7,31552,7,NA,NA,NA
1995,NM,13,12,31552,7,NA,NA,NA
1995,NV,31,5,31552,7,NA,NA,NA
1995,NY,50,44,31552,7,NA,NA,NA
1995,OH,31,28,31552,7,NA,NA,NA
1995,OK,9,8,31552,7,NA,NA,NA
1995,OR,73,54,31552,7,NA,NA,NA
1995,PA,40,27,31552,7,NA,NA,NA
1995,RI,3,6,31552,7,NA,NA,NA
1995,SC,10,11,31552,7,NA,NA,NA
1995,SD,7,NA,31552,7,NA,NA,NA
1995,TN,27,13,31552,7,NA,NA,NA
1995,TX,46,48,31552,7,NA,NA,NA
1995,UT,14,13,31552,7,NA,NA,NA
1995,VA,26,12,31552,7,NA,NA,NA
1995,VT,2,12,31552,7,NA,NA,NA
1995,WA,248,48,31552,7,NA,NA,NA
1995,WI,22,35,31552,7,NA,NA,NA
1995,WV,4,NA,31552,7,NA,NA,NA
1995,WY,1,8,31552,7,NA,NA,NA
1996,AK,5,11,31672,9,NA,NA,NA
1996,AL,8,8,31672,9,NA,NA,NA
1996,AR,9,3,31672,9,NA,NA,NA
1996,AZ,23,17,31672,9,NA,NA,NA
1996,CA,129,218,31672,9,NA,NA,NA
1996,CO,18,92,31672,9,NA,NA,NA
1996,CT,12,12,31672,9,NA,NA,NA
1996,FL,48,62,31672,9,NA,NA,NA
1996,GA,9,18,31672,9,NA,NA,NA
1996,IA,4,9,31672,9,NA,NA,NA
1996,ID,12,24,31672,9,NA,NA,NA
1996,IL,18,35,31672,9,NA,NA,NA
1996,IN,9,21,31672,9,NA,NA,NA
1996,KS,7,14,31672,9,NA,NA,NA
1996,KY,5,11,31672,9,NA,NA,NA
1996,LA,8,8,31672,9,NA,NA,NA
1996,MA,10,42,31672,9,NA,NA,NA
1996,MD,19,22,31672,9,NA,NA,NA
1996,ME,7,27,31672,9,NA,NA,NA
1996,MI,28,36,31672,9,NA,NA,NA
1996,MN,14,26,31672,9,NA,NA,NA
1996,MO,23,14,31672,9,NA,NA,NA
1996,MS,1,NA,31672,9,NA,NA,NA
1996,MT,3,16,31672,9,NA,NA,NA
1996,NC,12,36,31672,9,NA,NA,NA
1996,ND,6,3,31672,9,NA,NA,NA
1996,NE,2,8,31672,9,NA,NA,NA
1996,NH,2,18,31672,9,NA,NA,NA
1996,NJ,22,20,31672,9,NA,NA,NA
1996,NM,9,20,31672,9,NA,NA,NA
1996,NV,18,10,31672,9,NA,NA,NA
1996,NY,28,70,31672,9,NA,NA,NA
1996,OH,28,40,31672,9,NA,NA,NA
1996,OK,10,9,31672,9,NA,NA,NA
1996,OR,29,73,31672,9,NA,NA,NA
1996,PA,37,42,31672,9,NA,NA,NA
1996,RI,4,5,31672,9,NA,NA,NA
1996,SC,6,19,31672,9,NA,NA,NA
1996,SD,2,5,31672,9,NA,NA,NA
1996,TN,13,15,31672,9,NA,NA,NA
1996,TX,46,63,31672,9,NA,NA,NA
1996,UT,8,15,31672,9,NA,NA,NA
1996,VA,14,17,31672,9,NA,NA,NA
1996,VT,1,20,31672,9,NA,NA,NA
1996,WA,114,79,31672,9,NA,NA,NA
1996,WI,15,50,31672,9,NA,NA,NA
1996,WV,8,4,31672,9,NA,NA,NA
1996,WY,3,10,31672,9,NA,NA,NA
1997,AK,5,16,32241,9,NA,NA,NA
1997,AK,5,16,31292,9,NA,NA,NA
1997,AL,9,8,32241,9,NA,NA,NA
1997,AL,9,8,31292,9,NA,NA,NA
1997,AR,11,4,32241,9,NA,NA,NA
1997,AR,11,4,31292,9,NA,NA,NA
1997,AZ,143,34,32241,9,NA,NA,NA
1997,AZ,143,34,31292,9,NA,NA,NA
1997,CA,147,259,32241,9,NA,NA,NA
1997,CA,147,259,31292,9,NA,NA,NA
1997,CO,21,112,32241,9,NA,NA,NA
1997,CO,21,112,31292,9,NA,NA,NA
1997,CT,12,22,32241,9,NA,NA,NA
1997,CT,12,22,31292,9,NA,NA,NA
1997,DE,1,6,32241,9,NA,NA,NA
1997,DE,1,6,31292,9,NA,NA,NA
1997,FL,47,86,32241,9,NA,NA,NA
1997,FL,47,86,31292,9,NA,NA,NA
1997,GA,15,24,32241,9,NA,NA,NA
1997,GA,15,24,31292,9,NA,NA,NA
1997,HI,6,8,32241,9,NA,NA,NA
1997,HI,6,8,31292,9,NA,NA,NA
1997,IA,4,12,32241,9,NA,NA,NA
1997,IA,4,12,31292,9,NA,NA,NA
1997,ID,5,28,32241,9,NA,NA,NA
1997,ID,5,28,31292,9,NA,NA,NA
1997,IL,55,39,32241,9,NA,NA,NA
1997,IL,55,39,31292,9,NA,NA,NA
1997,IN,19,26,32241,9,NA,NA,NA
1997,IN,19,26,31292,9,NA,NA,NA
1997,KS,7,17,32241,9,NA,NA,NA
1997,KS,7,17,31292,9,NA,NA,NA
1997,KY,12,14,32241,9,NA,NA,NA
1997,KY,12,14,31292,9,NA,NA,NA
1997,LA,8,11,32241,9,NA,NA,NA
1997,LA,8,11,31292,9,NA,NA,NA
1997,MA,18,44,32241,9,NA,NA,NA
1997,MA,18,44,31292,9,NA,NA,NA
1997,MD,12,27,32241,9,NA,NA,NA
1997,MD,12,27,31292,9,NA,NA,NA
1997,ME,10,28,32241,9,NA,NA,NA
1997,ME,10,28,31292,9,NA,NA,NA
1997,MI,45,60,32241,9,NA,NA,NA
1997,MI,45,60,31292,9,NA,NA,NA
1997,MN,27,37,32241,9,NA,NA,NA
1997,MN,27,37,31292,9,NA,NA,NA
1997,MO,58,22,32241,9,NA,NA,NA
1997,MO,58,22,31292,9,NA,NA,NA
1997,MS,6,NA,32241,9,NA,NA,NA
1997,MS,6,NA,31292,9,NA,NA,NA
1997,MT,12,20,32241,9,NA,NA,NA
1997,MT,12,20,31292,9,NA,NA,NA
1997,NC,25,40,32241,9,NA,NA,NA
1997,NC,25,40,31292,9,NA,NA,NA
1997,ND,2,4,32241,9,NA,NA,NA
1997,ND,2,4,31292,9,NA,NA,NA
1997,NE,8,9,32241,9,NA,NA,NA
1997,NE,8,9,31292,9,NA,NA,NA
1997,NH,8,19,32241,9,NA,NA,NA
1997,NH,8,19,31292,9,NA,NA,NA
1997,NJ,24,23,32241,9,NA,NA,NA
1997,NJ,24,23,31292,9,NA,NA,NA
1997,NM,21,26,32241,9,NA,NA,NA
1997,NM,21,26,31292,9,NA,NA,NA
1997,NV,29,18,32241,9,NA,NA,NA
1997,NV,29,18,31292,9,NA,NA,NA
1997,NY,52,84,32241,9,NA,NA,NA
1997,NY,52,84,31292,9,NA,NA,NA
1997,OH,28,55,32241,9,NA,NA,NA
1997,OH,28,55,31292,9,NA,NA,NA
1997,OK,6,9,32241,9,NA,NA,NA
1997,OK,6,9,31292,9,NA,NA,NA
1997,OR,34,86,32241,9,NA,NA,NA
1997,OR,34,86,31292,9,NA,NA,NA
1997,PA,40,56,32241,9,NA,NA,NA
1997,PA,40,56,31292,9,NA,NA,NA
1997,RI,5,6,32241,9,NA,NA,NA
1997,RI,5,6,31292,9,NA,NA,NA
1997,SC,11,21,32241,9,NA,NA,NA
1997,SC,11,21,31292,9,NA,NA,NA
1997,SD,5,5,32241,9,NA,NA,NA
1997,SD,5,5,31292,9,NA,NA,NA
1997,TN,13,21,32241,9,NA,NA,NA
1997,TN,13,21,31292,9,NA,NA,NA
1997,TX,77,71,32241,9,NA,NA,NA
1997,TX,77,71,31292,9,NA,NA,NA
1997,UT,22,17,32241,9,NA,NA,NA
1997,UT,22,17,31292,9,NA,NA,NA
1997,VA,22,23,32241,9,NA,NA,NA
1997,VA,22,23,31292,9,NA,NA,NA
1997,VT,3,24,32241,9,NA,NA,NA
1997,VT,3,24,31292,9,NA,NA,NA
1997,WA,85,109,32241,9,NA,NA,NA
1997,WA,85,109,31292,9,NA,NA,NA
1997,WI,19,57,32241,9,NA,NA,NA
1997,WI,19,57,31292,9,NA,NA,NA
1997,WV,8,4,32241,9,NA,NA,NA
1997,WV,8,4,31292,9,NA,NA,NA
1997,WY,2,14,32241,9,NA,NA,NA
1997,WY,2,14,31292,9,NA,NA,NA
1998,AK,14,14,30963,10,NA,NA,NA
1998,AL,17,9,30963,10,NA,NA,NA
1998,AR,15,5,30963,10,NA,NA,NA
1998,AZ,70,40,30963,10,NA,NA,NA
1998,CA,230,273,30963,10,NA,NA,NA
1998,CO,64,105,30963,10,NA,NA,NA
1998,CT,15,25,30963,10,NA,NA,NA
1998,DE,2,8,30963,10,NA,NA,NA
1998,FL,105,96,30963,10,NA,NA,NA
1998,GA,32,26,30963,10,NA,NA,NA
1998,HI,6,13,30963,10,NA,NA,NA
1998,IA,18,13,30963,10,NA,NA,NA
1998,ID,14,29,30963,10,NA,NA,NA
1998,IL,65,44,30963,10,NA,NA,NA
1998,IN,31,25,30963,10,NA,NA,NA
1998,KS,17,17,30963,10,NA,NA,NA
1998,KY,14,15,30963,10,NA,NA,NA
1998,LA,12,14,30963,10,NA,NA,NA
1998,MA,26,48,30963,10,NA,NA,NA
1998,MD,14,27,30963,10,NA,NA,NA
1998,ME,17,33,30963,10,NA,NA,NA
1998,MI,56,71,30963,10,NA,NA,NA
1998,MN,16,35,30963,10,NA,NA,NA
1998,MO,36,26,30963,10,NA,NA,NA
1998,MS,8,NA,30963,10,NA,NA,NA
1998,MT,21,24,30963,10,NA,NA,NA
1998,NC,38,50,30963,10,NA,NA,NA
1998,ND,5,6,30963,10,NA,NA,NA
1998,NE,10,8,30963,10,NA,NA,NA
1998,NH,11,19,30963,10,NA,NA,NA
1998,NJ,27,27,30963,10,NA,NA,NA
1998,NM,26,27,30963,10,NA,NA,NA
1998,NV,30,20,30963,10,NA,NA,NA
1998,NY,70,88,30963,10,NA,NA,NA
1998,OH,70,68,30963,10,NA,NA,NA
1998,OK,15,10,30963,10,NA,NA,NA
1998,OR,59,88,30963,10,NA,NA,NA
1998,PA,48,63,30963,10,NA,NA,NA
1998,RI,8,5,30963,10,NA,NA,NA
1998,SC,24,23,30963,10,NA,NA,NA
1998,SD,7,5,30963,10,NA,NA,NA
1998,TN,30,25,30963,10,NA,NA,NA
1998,TX,95,65,30963,10,NA,NA,NA
1998,UT,21,17,30963,10,NA,NA,NA
1998,VA,29,27,30963,10,NA,NA,NA
1998,VT,3,27,30963,10,NA,NA,NA
1998,WA,146,115,30963,10,NA,NA,NA
1998,WI,37,65,30963,10,NA,NA,NA
1998,WV,9,5,30963,10,NA,NA,NA
1998,WY,9,15,30963,10,NA,NA,NA
1999,AK,18,19,32370,11,NA,NA,NA
1999,AL,29,9,32370,11,NA,NA,NA
1999,AR,37,4,32370,11,NA,NA,NA
1999,AZ,96,48,32370,11,NA,NA,NA
1999,CA,404,289,32370,11,NA,NA,NA
1999,CO,72,102,32370,11,NA,NA,NA
1999,CT,14,26,32370,11,NA,NA,NA
1999,DE,11,9,32370,11,NA,NA,NA
1999,FL,107,97,32370,11,NA,NA,NA
1999,GA,65,30,32370,11,NA,NA,NA
1999,HI,11,16,32370,11,NA,NA,NA
1999,IA,25,14,32370,11,NA,NA,NA
1999,ID,23,25,32370,11,NA,NA,NA
1999,IL,111,47,32370,11,NA,NA,NA
1999,IN,53,24,32370,11,NA,NA,NA
1999,KS,29,15,32370,11,NA,NA,NA
1999,KY,31,12,32370,11,NA,NA,NA
1999,LA,24,11,32370,11,NA,NA,NA
1999,MA,31,50,32370,11,NA,NA,NA
1999,MD,30,30,32370,11,NA,NA,NA
1999,ME,16,37,32370,11,NA,NA,NA
1999,MI,91,79,32370,11,NA,NA,NA
1999,MN,36,36,32370,11,NA,NA,NA
1999,MO,79,30,32370,11,NA,NA,NA
1999,MS,19,3,32370,11,NA,NA,NA
1999,MT,23,24,32370,11,NA,NA,NA
1999,NC,53,52,32370,11,NA,NA,NA
1999,ND,6,3,32370,11,NA,NA,NA
1999,NE,9,9,32370,11,NA,NA,NA
1999,NH,15,19,32370,11,NA,NA,NA
1999,NJ,41,28,32370,11,NA,NA,NA
1999,NM,35,26,32370,11,NA,NA,NA
1999,NV,52,24,32370,11,NA,NA,NA
1999,NY,109,81,32370,11,NA,NA,NA
1999,OH,128,77,32370,11,NA,NA,NA
1999,OK,25,10,32370,11,NA,NA,NA
1999,OR,106,88,32370,11,NA,NA,NA
1999,PA,72,74,32370,11,NA,NA,NA
1999,RI,5,6,32370,11,NA,NA,NA
1999,SC,12,22,32370,11,NA,NA,NA
1999,SD,3,7,32370,11,NA,NA,NA
1999,TN,57,23,32370,11,NA,NA,NA
1999,TX,147,66,32370,11,NA,NA,NA
1999,UT,32,20,32370,11,NA,NA,NA
1999,VA,37,29,32370,11,NA,NA,NA
1999,VT,5,24,32370,11,NA,NA,NA
1999,WA,236,118,32370,11,NA,NA,NA
1999,WI,78,77,32370,11,NA,NA,NA
1999,WV,28,5,32370,11,NA,NA,NA
1999,WY,14,13,32370,11,NA,NA,NA
2e3,AK,13,17,33990,14,0.53,0.56,0.42
2e3,AL,21,7,33990,14,0.53,0.56,0.42
2e3,AR,41,5,33990,14,0.53,0.56,0.42
2e3,AZ,215,45,33990,14,0.53,0.56,0.42
2e3,CA,437,281,33990,14,0.53,0.56,0.42
2e3,CO,48,102,33990,14,0.53,0.56,0.42
2e3,CT,23,27,33990,14,0.53,0.56,0.42
2e3,DE,6,8,33990,14,0.53,0.56,0.42
2e3,FL,117,92,33990,14,0.53,0.56,0.42
2e3,GA,39,29,33990,14,0.53,0.56,0.42
2e3,HI,13,15,33990,14,0.53,0.56,0.42
2e3,IA,29,13,33990,14,0.53,0.56,0.42
2e3,ID,19,24,33990,14,0.53,0.56,0.42
2e3,IL,92,45,33990,14,0.53,0.56,0.42
2e3,IN,39,26,33990,14,0.53,0.56,0.42
2e3,KS,26,10,33990,14,0.53,0.56,0.42
2e3,KY,26,15,33990,14,0.53,0.56,0.42
2e3,LA,21,12,33990,14,0.53,0.56,0.42
2e3,MA,41,45,33990,14,0.53,0.56,0.42
2e3,MD,27,25,33990,14,0.53,0.56,0.42
2e3,ME,21,42,33990,14,0.53,0.56,0.42
2e3,MI,72,77,33990,14,0.53,0.56,0.42
2e3,MN,41,41,33990,14,0.53,0.56,0.42
2e3,MO,56,32,33990,14,0.53,0.56,0.42
2e3,MS,15,4,33990,14,0.53,0.56,0.42
2e3,MT,15,25,33990,14,0.53,0.56,0.42
2e3,NC,30,51,33990,14,0.53,0.56,0.42
2e3,ND,5,3,33990,14,0.53,0.56,0.42
2e3,NE,12,9,33990,14,0.53,0.56,0.42
2e3,NH,14,19,33990,14,0.53,0.56,0.42
2e3,NJ,51,24,33990,14,0.53,0.56,0.42
2e3,NM,34,26,33990,14,0.53,0.56,0.42
2e3,NV,40,22,33990,14,0.53,0.56,0.42
2e3,NY,122,78,33990,14,0.53,0.56,0.42
2e3,OH,78,87,33990,14,0.53,0.56,0.42
2e3,OK,35,9,33990,14,0.53,0.56,0.42
2e3,OR,98,82,33990,14,0.53,0.56,0.42
2e3,PA,71,73,33990,14,0.53,0.56,0.42
2e3,RI,9,8,33990,14,0.53,0.56,0.42
2e3,SC,15,19,33990,14,0.53,0.56,0.42
2e3,SD,7,7,33990,14,0.53,0.56,0.42
2e3,TN,40,23,33990,14,0.53,0.56,0.42
2e3,TX,147,59,33990,14,0.53,0.56,0.42
2e3,UT,34,20,33990,14,0.53,0.56,0.42
2e3,VA,25,31,33990,14,0.53,0.56,0.42
2e3,VT,7,23,33990,14,0.53,0.56,0.42
2e3,WA,201,113,33990,14,0.53,0.56,0.42
2e3,WI,50,91,33990,14,0.53,0.56,0.42
2e3,WV,12,6,33990,14,0.53,0.56,0.42
2e3,WY,7,13,33990,14,0.53,0.56,0.42
2001,AK,17,17,34903,6,0.55,0.59,0.46
2001,AL,14,4,34903,6,0.55,0.59,0.46
2001,AR,33,5,34903,6,0.55,0.59,0.46
2001,AZ,113,45,34903,6,0.55,0.59,0.46
2001,CA,375,266,34903,6,0.55,0.59,0.46
2001,CO,100,102,34903,6,0.55,0.59,0.46
2001,CT,36,22,34903,6,0.55,0.59,0.46
2001,DE,4,8,34903,6,0.55,0.59,0.46
2001,FL,143,84,34903,6,0.55,0.59,0.46
2001,GA,46,30,34903,6,0.55,0.59,0.46
2001,HI,13,14,34903,6,0.55,0.59,0.46
2001,IA,30,16,34903,6,0.55,0.59,0.46
2001,ID,27,20,34903,6,0.55,0.59,0.46
2001,IL,138,41,34903,6,0.55,0.59,0.46
2001,IN,39,23,34903,6,0.55,0.59,0.46
2001,KS,32,8,34903,6,0.55,0.59,0.46
2001,KY,35,10,34903,6,0.55,0.59,0.46
2001,LA,15,9,34903,6,0.55,0.59,0.46
2001,MA,42,46,34903,6,0.55,0.59,0.46
2001,MD,37,26,34903,6,0.55,0.59,0.46
2001,ME,21,39,34903,6,0.55,0.59,0.46
2001,MI,79,71,34903,6,0.55,0.59,0.46
2001,MN,52,37,34903,6,0.55,0.59,0.46
2001,MO,70,26,34903,6,0.55,0.59,0.46
2001,MS,23,4,34903,6,0.55,0.59,0.46
2001,MT,17,26,34903,6,0.55,0.59,0.46
2001,NC,62,38,34903,6,0.55,0.59,0.46
2001,ND,6,3,34903,6,0.55,0.59,0.46
2001,NE,17,11,34903,6,0.55,0.59,0.46
2001,NH,19,17,34903,6,0.55,0.59,0.46
2001,NJ,69,22,34903,6,0.55,0.59,0.46
2001,NM,29,23,34903,6,0.55,0.59,0.46
2001,NV,50,16,34903,6,0.55,0.59,0.46
2001,NY,151,83,34903,6,0.55,0.59,0.46
2001,OH,99,74,34903,6,0.55,0.59,0.46
2001,OK,51,6,34903,6,0.55,0.59,0.46
2001,OR,114,82,34903,6,0.55,0.59,0.46
2001,PA,75,81,34903,6,0.55,0.59,0.46
2001,RI,10,7,34903,6,0.55,0.59,0.46
2001,SC,22,19,34903,6,0.55,0.59,0.46
2001,SD,6,6,34903,6,0.55,0.59,0.46
2001,TN,45,23,34903,6,0.55,0.59,0.46
2001,TX,139,47,34903,6,0.55,0.59,0.46
2001,UT,24,16,34903,6,0.55,0.59,0.46
2001,VA,62,29,34903,6,0.55,0.59,0.46
2001,VT,10,19,34903,6,0.55,0.59,0.46
2001,WA,218,94,34903,6,0.55,0.59,0.46
2001,WI,82,82,34903,6,0.55,0.59,0.46
2001,WV,22,4,34903,6,0.55,0.59,0.46
2001,WY,17,11,34903,6,0.55,0.59,0.46
2002,AK,11,19,36451,9,0.61,0.63,0.49
2002,AL,18,3,36451,9,0.61,0.63,0.49
2002,AR,28,4,36451,9,0.61,0.63,0.49
2002,AZ,120,39,36451,9,0.61,0.63,0.49
2002,CA,425,270,36451,9,0.61,0.63,0.49
2002,CO,71,102,36451,9,0.61,0.63,0.49
2002,CT,23,17,36451,9,0.61,0.63,0.49
2002,DE,9,8,36451,9,0.61,0.63,0.49
2002,FL,155,83,36451,9,0.61,0.63,0.49
2002,GA,42,25,36451,9,0.61,0.63,0.49
2002,HI,15,13,36451,9,0.61,0.63,0.49
2002,IA,25,15,36451,9,0.61,0.63,0.49
2002,ID,19,19,36451,9,0.61,0.63,0.49
2002,IL,95,43,36451,9,0.61,0.63,0.49
2002,IN,46,23,36451,9,0.61,0.63,0.49
2002,KS,25,8,36451,9,0.61,0.63,0.49
2002,KY,29,10,36451,9,0.61,0.63,0.49
2002,LA,22,7,36451,9,0.61,0.63,0.49
2002,MA,50,43,36451,9,0.61,0.63,0.49
2002,MD,50,26,36451,9,0.61,0.63,0.49
2002,ME,30,38,36451,9,0.61,0.63,0.49
2002,MI,84,69,36451,9,0.61,0.63,0.49
2002,MN,28,37,36451,9,0.61,0.63,0.49
2002,MO,56,28,36451,9,0.61,0.63,0.49
2002,MS,12,4,36451,9,0.61,0.63,0.49
2002,MT,20,28,36451,9,0.61,0.63,0.49
2002,NC,65,38,36451,9,0.61,0.63,0.49
2002,ND,4,3,36451,9,0.61,0.63,0.49
2002,NE,18,10,36451,9,0.61,0.63,0.49
2002,NH,25,17,36451,9,0.61,0.63,0.49
2002,NJ,58,20,36451,9,0.61,0.63,0.49
2002,NM,46,23,36451,9,0.61,0.63,0.49
2002,NV,42,17,36451,9,0.61,0.63,0.49
2002,NY,154,84,36451,9,0.61,0.63,0.49
2002,OH,93,64,36451,9,0.61,0.63,0.49
2002,OK,28,6,36451,9,0.61,0.63,0.49
2002,OR,96,81,36451,9,0.61,0.63,0.49
2002,PA,133,76,36451,9,0.61,0.63,0.49
2002,RI,6,7,36451,9,0.61,0.63,0.49
2002,SC,28,19,36451,9,0.61,0.63,0.49
2002,SD,8,7,36451,9,0.61,0.63,0.49
2002,TN,52,22,36451,9,0.61,0.63,0.49
2002,TX,174,42,36451,9,0.61,0.63,0.49
2002,UT,43,17,36451,9,0.61,0.63,0.49
2002,VA,63,30,36451,9,0.61,0.63,0.49
2002,VT,14,25,36451,9,0.61,0.63,0.49
2002,WA,210,94,36451,9,0.61,0.63,0.49
2002,WI,50,90,36451,9,0.61,0.63,0.49
2002,WV,24,5,36451,9,0.61,0.63,0.49
2002,WY,15,11,36451,9,0.61,0.63,0.49
2003,AK,14,15,38811,9,0.64,0.65,0.51
2003,AL,42,3,38811,9,0.64,0.65,0.51
2003,AR,57,4,38811,9,0.64,0.65,0.51
2003,AZ,127,36,38811,9,0.64,0.65,0.51
2003,CA,597,278,38811,9,0.64,0.65,0.51
2003,CO,82,99,38811,9,0.64,0.65,0.51
2003,CT,35,17,38811,9,0.64,0.65,0.51
2003,DE,5,9,38811,9,0.64,0.65,0.51
2003,FL,205,78,38811,9,0.64,0.65,0.51
2003,GA,66,29,38811,9,0.64,0.65,0.51
2003,HI,12,13,38811,9,0.64,0.65,0.51
2003,IA,33,17,38811,9,0.64,0.65,0.51
2003,ID,27,20,38811,9,0.64,0.65,0.51
2003,IL,93,43,38811,9,0.64,0.65,0.51
2003,IN,82,23,38811,9,0.64,0.65,0.51
2003,KS,24,7,38811,9,0.64,0.65,0.51
2003,KY,42,10,38811,9,0.64,0.65,0.51
2003,LA,31,6,38811,9,0.64,0.65,0.51
2003,MA,65,44,38811,9,0.64,0.65,0.51
2003,MD,37,27,38811,9,0.64,0.65,0.51
2003,ME,36,37,38811,9,0.64,0.65,0.51
2003,MI,93,76,38811,9,0.64,0.65,0.51
2003,MN,44,31,38811,9,0.64,0.65,0.51
2003,MO,64,28,38811,9,0.64,0.65,0.51
2003,MS,16,3,38811,9,0.64,0.65,0.51
2003,MT,19,24,38811,9,0.64,0.65,0.51
2003,NC,81,41,38811,9,0.64,0.65,0.51
2003,ND,8,3,38811,9,0.64,0.65,0.51
2003,NE,28,12,38811,9,0.64,0.65,0.51
2003,NH,25,16,38811,9,0.64,0.65,0.51
2003,NJ,76,22,38811,9,0.64,0.65,0.51
2003,NM,45,20,38811,9,0.64,0.65,0.51
2003,NV,38,16,38811,9,0.64,0.65,0.51
2003,NY,157,86,38811,9,0.64,0.65,0.51
2003,OH,114,59,38811,9,0.64,0.65,0.51
2003,OK,48,6,38811,9,0.64,0.65,0.51
2003,OR,93,87,38811,9,0.64,0.65,0.51
2003,PA,86,78,38811,9,0.64,0.65,0.51
2003,RI,10,6,38811,9,0.64,0.65,0.51
2003,SC,63,21,38811,9,0.64,0.65,0.51
2003,SD,8,7,38811,9,0.64,0.65,0.51
2003,TN,50,22,38811,9,0.64,0.65,0.51
2003,TX,189,41,38811,9,0.64,0.65,0.51
2003,UT,41,15,38811,9,0.64,0.65,0.51
2003,VA,67,30,38811,9,0.64,0.65,0.51
2003,VT,8,25,38811,9,0.64,0.65,0.51
2003,WA,245,91,38811,9,0.64,0.65,0.51
2003,WI,66,90,38811,9,0.64,0.65,0.51
2003,WV,18,5,38811,9,0.64,0.65,0.51
2003,WY,9,11,38811,9,0.64,0.65,0.51
2004,AK,11,13,41856,7,0.65,0.67,0.53
2004,AL,27,5,41856,7,0.65,0.67,0.53
2004,AR,34,4,41856,7,0.65,0.67,0.53
2004,AZ,199,31,41856,7,0.65,0.67,0.53
2004,CA,562,282,41856,7,0.65,0.67,0.53
2004,CO,98,99,41856,7,0.65,0.67,0.53
2004,CT,43,20,41856,7,0.65,0.67,0.53
2004,DE,8,9,41856,7,0.65,0.67,0.53
2004,FL,206,74,41856,7,0.65,0.67,0.53
2004,GA,66,29,41856,7,0.65,0.67,0.53
2004,HI,18,13,41856,7,0.65,0.67,0.53
2004,IA,37,21,41856,7,0.65,0.67,0.53
2004,ID,19,19,41856,7,0.65,0.67,0.53
2004,IL,220,45,41856,7,0.65,0.67,0.53
2004,IN,105,23,41856,7,0.65,0.67,0.53
2004,KS,33,10,41856,7,0.65,0.67,0.53
2004,KY,44,10,41856,7,0.65,0.67,0.53
2004,LA,44,9,41856,7,0.65,0.67,0.53
2004,MA,62,46,41856,7,0.65,0.67,0.53
2004,MD,44,29,41856,7,0.65,0.67,0.53
2004,ME,16,43,41856,7,0.65,0.67,0.53
2004,MI,83,78,41856,7,0.65,0.67,0.53
2004,MN,75,30,41856,7,0.65,0.67,0.53
2004,MO,80,28,41856,7,0.65,0.67,0.53
2004,MS,23,3,41856,7,0.65,0.67,0.53
2004,MT,27,22,41856,7,0.65,0.67,0.53
2004,NC,83,43,41856,7,0.65,0.67,0.53
2004,ND,9,4,41856,7,0.65,0.67,0.53
2004,NE,36,12,41856,7,0.65,0.67,0.53
2004,NH,18,16,41856,7,0.65,0.67,0.53
2004,NJ,84,21,41856,7,0.65,0.67,0.53
2004,NM,40,22,41856,7,0.65,0.67,0.53
2004,NV,49,17,41856,7,0.65,0.67,0.53
2004,NY,184,80,41856,7,0.65,0.67,0.53
2004,OH,135,55,41856,7,0.65,0.67,0.53
2004,OK,33,7,41856,7,0.65,0.67,0.53
2004,OR,93,92,41856,7,0.65,0.67,0.53
2004,PA,137,86,41856,7,0.65,0.67,0.53
2004,RI,19,6,41856,7,0.65,0.67,0.53
2004,SC,47,21,41856,7,0.65,0.67,0.53
2004,SD,13,6,41856,7,0.65,0.67,0.53
2004,TN,81,24,41856,7,0.65,0.67,0.53
2004,TX,201,40,41856,7,0.65,0.67,0.53
2004,UT,25,16,41856,7,0.65,0.67,0.53
2004,VA,55,31,41856,7,0.65,0.67,0.53
2004,VT,9,26,41856,7,0.65,0.67,0.53
2004,WA,246,93,41856,7,0.65,0.67,0.53
2004,WI,52,97,41856,7,0.65,0.67,0.53
2004,WV,25,4,41856,7,0.65,0.67,0.53
2004,WY,6,13,41856,7,0.65,0.67,0.53
2005,AK,22,15,44961,13,0.69,0.7,0.6
2005,AL,39,5,44961,13,0.69,0.7,0.6
2005,AR,37,4,44961,13,0.69,0.7,0.6
2005,AZ,201,31,44961,13,0.69,0.7,0.6
2005,CA,539,278,44961,13,0.69,0.7,0.6
2005,CO,77,104,44961,13,0.69,0.7,0.6
2005,CT,29,19,44961,13,0.69,0.7,0.6
2005,DE,11,8,44961,13,0.69,0.7,0.6
2005,FL,244,69,44961,13,0.69,0.7,0.6
2005,GA,73,25,44961,13,0.69,0.7,0.6
2005,HI,18,12,44961,13,0.69,0.7,0.6
2005,IA,44,18,44961,13,0.69,0.7,0.6
2005,ID,31,20,44961,13,0.69,0.7,0.6
2005,IL,209,43,44961,13,0.69,0.7,0.6
2005,IN,84,27,44961,13,0.69,0.7,0.6
2005,KS,44,11,44961,13,0.69,0.7,0.6
2005,KY,60,10,44961,13,0.69,0.7,0.6
2005,LA,30,10,44961,13,0.69,0.7,0.6
2005,MA,61,38,44961,13,0.69,0.7,0.6
2005,MD,40,25,44961,13,0.69,0.7,0.6
2005,ME,25,43,44961,13,0.69,0.7,0.6
2005,MI,92,84,44961,13,0.69,0.7,0.6
2005,MN,74,31,44961,13,0.69,0.7,0.6
2005,MO,76,33,44961,13,0.69,0.7,0.6
2005,MS,20,3,44961,13,0.69,0.7,0.6
2005,MT,29,21,44961,13,0.69,0.7,0.6
2005,NC,106,45,44961,13,0.69,0.7,0.6
2005,ND,4,4,44961,13,0.69,0.7,0.6
2005,NE,14,16,44961,13,0.69,0.7,0.6
2005,NH,41,14,44961,13,0.69,0.7,0.6
2005,NJ,86,21,44961,13,0.69,0.7,0.6
2005,NM,34,22,44961,13,0.69,0.7,0.6
2005,NV,56,16,44961,13,0.69,0.7,0.6
2005,NY,161,82,44961,13,0.69,0.7,0.6
2005,OH,88,53,44961,13,0.69,0.7,0.6
2005,OK,45,8,44961,13,0.69,0.7,0.6
2005,OR,107,88,44961,13,0.69,0.7,0.6
2005,PA,104,78,44961,13,0.69,0.7,0.6
2005,RI,16,5,44961,13,0.69,0.7,0.6
2005,SC,51,19,44961,13,0.69,0.7,0.6
2005,SD,8,6,44961,13,0.69,0.7,0.6
2005,TN,51,19,44961,13,0.69,0.7,0.6
2005,TX,218,45,44961,13,0.69,0.7,0.6
2005,UT,30,15,44961,13,0.69,0.7,0.6
2005,VA,75,34,44961,13,0.69,0.7,0.6
2005,VT,16,24,44961,13,0.69,0.7,0.6
2005,WA,191,100,44961,13,0.69,0.7,0.6
2005,WI,65,98,44961,13,0.69,0.7,0.6
2005,WV,24,4,44961,13,0.69,0.7,0.6
2005,WY,12,14,44961,13,0.69,0.7,0.6
2006,AK,14,14,47097,6,0.71,0.73,0.62
2006,AL,39,4,47097,6,0.71,0.73,0.62
2006,AR,31,4,47097,6,0.71,0.73,0.62
2006,AZ,141,33,47097,6,0.71,0.73,0.62
2006,CA,561,293,47097,6,0.71,0.73,0.62
2006,CO,96,102,47097,6,0.71,0.73,0.62
2006,CT,31,18,47097,6,0.71,0.73,0.62
2006,DE,9,9,47097,6,0.71,0.73,0.62
2006,FL,218,51,47097,6,0.71,0.73,0.62
2006,GA,77,22,47097,6,0.71,0.73,0.62
2006,HI,11,12,47097,6,0.71,0.73,0.62
2006,IA,27,19,47097,6,0.71,0.73,0.62
2006,ID,36,20,47097,6,0.71,0.73,0.62
2006,IL,143,45,47097,6,0.71,0.73,0.62
2006,IN,63,25,47097,6,0.71,0.73,0.62
2006,KS,38,17,47097,6,0.71,0.73,0.62
2006,KY,47,10,47097,6,0.71,0.73,0.62
2006,LA,27,10,47097,6,0.71,0.73,0.62
2006,MA,59,40,47097,6,0.71,0.73,0.62
2006,MD,33,26,47097,6,0.71,0.73,0.62
2006,ME,25,43,47097,6,0.71,0.73,0.62
2006,MI,109,91,47097,6,0.71,0.73,0.62
2006,MN,58,35,47097,6,0.71,0.73,0.62
2006,MO,71,34,47097,6,0.71,0.73,0.62
2006,MS,21,NA,47097,6,0.71,0.73,0.62
2006,MT,26,22,47097,6,0.71,0.73,0.62
2006,NC,75,46,47097,6,0.71,0.73,0.62
2006,ND,8,3,47097,6,0.71,0.73,0.62
2006,NE,24,16,47097,6,0.71,0.73,0.62
2006,NH,15,14,47097,6,0.71,0.73,0.62
2006,NJ,72,21,47097,6,0.71,0.73,0.62
2006,NM,61,23,47097,6,0.71,0.73,0.62
2006,NV,41,16,47097,6,0.71,0.73,0.62
2006,NY,124,82,47097,6,0.71,0.73,0.62
2006,OH,100,57,47097,6,0.71,0.73,0.62
2006,OK,32,7,47097,6,0.71,0.73,0.62
2006,OR,84,95,47097,6,0.71,0.73,0.62
2006,PA,130,81,47097,6,0.71,0.73,0.62
2006,RI,15,5,47097,6,0.71,0.73,0.62
2006,SC,36,16,47097,6,0.71,0.73,0.62
2006,SD,7,7,47097,6,0.71,0.73,0.62
2006,TN,61,19,47097,6,0.71,0.73,0.62
2006,TX,231,47,47097,6,0.71,0.73,0.62
2006,UT,23,17,47097,6,0.71,0.73,0.62
2006,VA,66,35,47097,6,0.71,0.73,0.62
2006,VT,11,24,47097,6,0.71,0.73,0.62
2006,WA,177,108,47097,6,0.71,0.73,0.62
2006,WI,38,103,47097,6,0.71,0.73,0.62
2006,WV,17,6,47097,6,0.71,0.73,0.62
2006,WY,11,14,47097,6,0.71,0.73,0.62
2007,AK,8,15,49379,15,0.75,0.77,0.63
2007,AL,52,5,49379,15,0.75,0.77,0.63
2007,AR,35,4,49379,15,0.75,0.77,0.63
2007,AZ,141,33,49379,15,0.75,0.77,0.63
2007,CA,584,310,49379,15,0.75,0.77,0.63
2007,CO,90,112,49379,15,0.75,0.77,0.63
2007,CT,64,19,49379,15,0.75,0.77,0.63
2007,DE,13,10,49379,15,0.75,0.77,0.63
2007,FL,264,50,49379,15,0.75,0.77,0.63
2007,GA,106,23,49379,15,0.75,0.77,0.63
2007,HI,22,12,49379,15,0.75,0.77,0.63
2007,IA,50,20,49379,15,0.75,0.77,0.63
2007,ID,18,20,49379,15,0.75,0.77,0.63
2007,IL,180,52,49379,15,0.75,0.77,0.63
2007,IN,81,30,49379,15,0.75,0.77,0.63
2007,KS,45,18,49379,15,0.75,0.77,0.63
2007,KY,58,12,49379,15,0.75,0.77,0.63
2007,LA,25,10,49379,15,0.75,0.77,0.63
2007,MA,67,43,49379,15,0.75,0.77,0.63
2007,MD,43,24,49379,15,0.75,0.77,0.63
2007,ME,25,43,49379,15,0.75,0.77,0.63
2007,MI,138,94,49379,15,0.75,0.77,0.63
2007,MN,52,34,49379,15,0.75,0.77,0.63
2007,MO,113,38,49379,15,0.75,0.77,0.63
2007,MS,25,NA,49379,15,0.75,0.77,0.63
2007,MT,20,26,49379,15,0.75,0.77,0.63
2007,NC,111,45,49379,15,0.75,0.77,0.63
2007,ND,6,3,49379,15,0.75,0.77,0.63
2007,NE,29,17,49379,15,0.75,0.77,0.63
2007,NH,31,15,49379,15,0.75,0.77,0.63
2007,NJ,69,21,49379,15,0.75,0.77,0.63
2007,NM,49,21,49379,15,0.75,0.77,0.63
2007,NV,57,16,49379,15,0.75,0.77,0.63
2007,NY,171,77,49379,15,0.75,0.77,0.63
2007,OH,115,58,49379,15,0.75,0.77,0.63
2007,OK,39,6,49379,15,0.75,0.77,0.63
2007,OR,112,96,49379,15,0.75,0.77,0.63
2007,PA,151,94,49379,15,0.75,0.77,0.63
2007,RI,14,5,49379,15,0.75,0.77,0.63
2007,SC,78,17,49379,15,0.75,0.77,0.63
2007,SD,14,8,49379,15,0.75,0.77,0.63
2007,TN,64,22,49379,15,0.75,0.77,0.63
2007,TX,213,45,49379,15,0.75,0.77,0.63
2007,UT,36,15,49379,15,0.75,0.77,0.63
2007,VA,70,35,49379,15,0.75,0.77,0.63
2007,VT,22,22,49379,15,0.75,0.77,0.63
2007,WA,219,110,49379,15,0.75,0.77,0.63
2007,WI,60,105,49379,15,0.75,0.77,0.63
2007,WV,26,6,49379,15,0.75,0.77,0.63
2007,WY,9,14,49379,15,0.75,0.77,0.63
2008,AK,12,16,50088,16,0.75,0.77,0.63
2008,AL,51,5,50088,16,0.75,0.77,0.63
2008,AR,40,4,50088,16,0.75,0.77,0.63
2008,AZ,178,33,50088,16,0.75,0.77,0.63
2008,CA,704,333,50088,16,0.75,0.77,0.63
2008,CO,99,117,50088,16,0.75,0.77,0.63
2008,CT,61,21,50088,16,0.75,0.77,0.63
2008,DE,12,9,50088,16,0.75,0.77,0.63
2008,FL,301,61,50088,16,0.75,0.77,0.63
2008,GA,103,20,50088,16,0.75,0.77,0.63
2008,HI,18,11,50088,16,0.75,0.77,0.63
2008,IA,36,21,50088,16,0.75,0.77,0.63
2008,ID,26,24,50088,16,0.75,0.77,0.63
2008,IL,167,51,50088,16,0.75,0.77,0.63
2008,IN,122,30,50088,16,0.75,0.77,0.63
2008,KS,31,17,50088,16,0.75,0.77,0.63
2008,KY,70,12,50088,16,0.75,0.77,0.63
2008,LA,45,10,50088,16,0.75,0.77,0.63
2008,MA,74,45,50088,16,0.75,0.77,0.63
2008,MD,64,24,50088,16,0.75,0.77,0.63
2008,ME,27,43,50088,16,0.75,0.77,0.63
2008,MI,140,96,50088,16,0.75,0.77,0.63
2008,MN,54,36,50088,16,0.75,0.77,0.63
2008,MO,104,38,50088,16,0.75,0.77,0.63
2008,MS,24,NA,50088,16,0.75,0.77,0.63
2008,MT,19,31,50088,16,0.75,0.77,0.63
2008,NC,132,50,50088,16,0.75,0.77,0.63
2008,ND,10,3,50088,16,0.75,0.77,0.63
2008,NE,18,16,50088,16,0.75,0.77,0.63
2008,NH,34,16,50088,16,0.75,0.77,0.63
2008,NJ,103,20,50088,16,0.75,0.77,0.63
2008,NM,58,20,50088,16,0.75,0.77,0.63
2008,NV,68,17,50088,16,0.75,0.77,0.63
2008,NY,209,81,50088,16,0.75,0.77,0.63
2008,OH,136,66,50088,16,0.75,0.77,0.63
2008,OK,57,9,50088,16,0.75,0.77,0.63
2008,OR,92,108,50088,16,0.75,0.77,0.63
2008,PA,190,97,50088,16,0.75,0.77,0.63
2008,RI,17,5,50088,16,0.75,0.77,0.63
2008,SC,45,16,50088,16,0.75,0.77,0.63
2008,SD,8,7,50088,16,0.75,0.77,0.63
2008,TN,102,23,50088,16,0.75,0.77,0.63
2008,TX,365,47,50088,16,0.75,0.77,0.63
2008,UT,29,15,50088,16,0.75,0.77,0.63
2008,VA,99,43,50088,16,0.75,0.77,0.63
2008,VT,15,24,50088,16,0.75,0.77,0.63
2008,WA,199,121,50088,16,0.75,0.77,0.63
2008,WI,68,110,50088,16,0.75,0.77,0.63
2008,WV,31,6,50088,16,0.75,0.77,0.63
2008,WY,12,14,50088,16,0.75,0.77,0.63
2009,AK,17,18,48470,19,0.73,0.76,0.68
2009,AL,35,5,48470,19,0.73,0.76,0.68
2009,AR,28,5,48470,19,0.73,0.76,0.68
2009,AZ,160,34,48470,19,0.73,0.76,0.68
2009,CA,644,340,48470,19,0.73,0.76,0.68
2009,CO,89,116,48470,19,0.73,0.76,0.68
2009,CT,69,19,48470,19,0.73,0.76,0.68
2009,DE,9,11,48470,19,0.73,0.76,0.68
2009,FL,252,52,48470,19,0.73,0.76,0.68
2009,GA,82,22,48470,19,0.73,0.76,0.68
2009,HI,19,11,48470,19,0.73,0.76,0.68
2009,IA,41,28,48470,19,0.73,0.76,0.68
2009,ID,24,25,48470,19,0.73,0.76,0.68
2009,IL,138,60,48470,19,0.73,0.76,0.68
2009,IN,77,39,48470,19,0.73,0.76,0.68
2009,KS,43,17,48470,19,0.73,0.76,0.68
2009,KY,60,15,48470,19,0.73,0.76,0.68
2009,LA,56,11,48470,19,0.73,0.76,0.68
2009,MA,77,44,48470,19,0.73,0.76,0.68
2009,MD,43,26,48470,19,0.73,0.76,0.68
2009,ME,42,42,48470,19,0.73,0.76,0.68
2009,MI,125,104,48470,19,0.73,0.76,0.68
2009,MN,63,39,48470,19,0.73,0.76,0.68
2009,MO,90,47,48470,19,0.73,0.76,0.68
2009,MS,28,NA,48470,19,0.73,0.76,0.68
2009,MT,32,31,48470,19,0.73,0.76,0.68
2009,NC,126,52,48470,19,0.73,0.76,0.68
2009,ND,9,3,48470,19,0.73,0.76,0.68
2009,NE,25,17,48470,19,0.73,0.76,0.68
2009,NH,26,17,48470,19,0.73,0.76,0.68
2009,NJ,119,22,48470,19,0.73,0.76,0.68
2009,NM,51,21,48470,19,0.73,0.76,0.68
2009,NV,47,18,48470,19,0.73,0.76,0.68
2009,NY,202,84,48470,19,0.73,0.76,0.68
2009,OH,132,66,48470,19,0.73,0.76,0.68
2009,OK,40,10,48470,19,0.73,0.76,0.68
2009,OR,80,108,48470,19,0.73,0.76,0.68
2009,PA,167,96,48470,19,0.73,0.76,0.68
2009,RI,18,5,48470,19,0.73,0.76,0.68
2009,SC,68,15,48470,19,0.73,0.76,0.68
2009,SD,13,7,48470,19,0.73,0.76,0.68
2009,TN,71,23,48470,19,0.73,0.76,0.68
2009,TX,260,47,48470,19,0.73,0.76,0.68
2009,UT,36,18,48470,19,0.73,0.76,0.68
2009,VA,82,42,48470,19,0.73,0.76,0.68
2009,VT,23,27,48470,19,0.73,0.76,0.68
2009,WA,232,138,48470,19,0.73,0.76,0.68
2009,WI,63,108,48470,19,0.73,0.76,0.68
2009,WV,38,8,48470,19,0.73,0.76,0.68
2009,WY,5,13,48470,19,0.73,0.76,0.68
2010,AK,16,20,49673,7,0.78,0.79,0.69
2010,AL,26,7,49673,7,0.78,0.79,0.69
2010,AR,48,5,49673,7,0.78,0.79,0.69
2010,AZ,122,37,49673,7,0.78,0.79,0.69
2010,CA,598,358,49673,7,0.78,0.79,0.69
2010,CO,71,129,49673,7,0.78,0.79,0.69
2010,CT,66,21,49673,7,0.78,0.79,0.69
2010,DE,13,11,49673,7,0.78,0.79,0.69
2010,FL,218,60,49673,7,0.78,0.79,0.69
2010,GA,76,26,49673,7,0.78,0.79,0.69
2010,HI,30,11,49673,7,0.78,0.79,0.69
2010,IA,50,27,49673,7,0.78,0.79,0.69
2010,ID,32,25,49673,7,0.78,0.79,0.69
2010,IL,204,62,49673,7,0.78,0.79,0.69
2010,IN,96,43,49673,7,0.78,0.79,0.69
2010,KS,51,17,49673,7,0.78,0.79,0.69
2010,KY,53,14,49673,7,0.78,0.79,0.69
2010,LA,29,12,49673,7,0.78,0.79,0.69
2010,MA,105,48,49673,7,0.78,0.79,0.69
2010,MD,50,24,49673,7,0.78,0.79,0.69
2010,ME,29,44,49673,7,0.78,0.79,0.69
2010,MI,124,111,49673,7,0.78,0.79,0.69
2010,MN,59,42,49673,7,0.78,0.79,0.69
2010,MO,115,51,49673,7,0.78,0.79,0.69
2010,MS,20,3,49673,7,0.78,0.79,0.69
2010,MT,32,31,49673,7,0.78,0.79,0.69
2010,NC,130,61,49673,7,0.78,0.79,0.69
2010,ND,5,3,49673,7,0.78,0.79,0.69
2010,NE,38,16,49673,7,0.78,0.79,0.69
2010,NH,24,19,49673,7,0.78,0.79,0.69
2010,NJ,93,24,49673,7,0.78,0.79,0.69
2010,NM,35,26,49673,7,0.78,0.79,0.69
2010,NV,50,20,49673,7,0.78,0.79,0.69
2010,NY,179,100,49673,7,0.78,0.79,0.69
2010,OH,131,75,49673,7,0.78,0.79,0.69
2010,OK,36,10,49673,7,0.78,0.79,0.69
2010,OR,83,120,49673,7,0.78,0.79,0.69
2010,PA,169,118,49673,7,0.78,0.79,0.69
2010,RI,20,5,49673,7,0.78,0.79,0.69
2010,SC,68,16,49673,7,0.78,0.79,0.69
2010,SD,14,8,49673,7,0.78,0.79,0.69
2010,TN,70,26,49673,7,0.78,0.79,0.69
2010,TX,224,59,49673,7,0.78,0.79,0.69
2010,UT,39,18,49673,7,0.78,0.79,0.69
2010,VA,75,44,49673,7,0.78,0.79,0.69
2010,VT,13,32,49673,7,0.78,0.79,0.69
2010,WA,272,157,49673,7,0.78,0.79,0.69
2010,WI,64,119,49673,7,0.78,0.79,0.69
2010,WV,20,8,49673,7,0.78,0.79,0.69
2010,WY,13,16,49673,7,0.78,0.79,0.69
2011,AK,18,23,50881,18,0.8,0.82,0.73
2011,AL,41,9,50881,18,0.8,0.82,0.73
2011,AR,44,7,50881,18,0.8,0.82,0.73
2011,AZ,161,45,50881,18,0.8,0.82,0.73
2011,CA,621,401,50881,18,0.8,0.82,0.73
2011,CO,121,149,50881,18,0.8,0.82,0.73
2011,CT,78,20,50881,18,0.8,0.82,0.73
2011,DE,14,12,50881,18,0.8,0.82,0.73
2011,FL,337,71,50881,18,0.8,0.82,0.73
2011,GA,93,25,50881,18,0.8,0.82,0.73
2011,HI,20,12,50881,18,0.8,0.82,0.73
2011,IA,45,35,50881,18,0.8,0.82,0.73
2011,ID,43,33,50881,18,0.8,0.82,0.73
2011,IL,216,68,50881,18,0.8,0.82,0.73
2011,IN,95,59,50881,18,0.8,0.82,0.73
2011,KS,43,21,50881,18,0.8,0.82,0.73
2011,KY,83,21,50881,18,0.8,0.82,0.73
2011,LA,34,12,50881,18,0.8,0.82,0.73
2011,MA,105,52,50881,18,0.8,0.82,0.73
2011,MD,74,26,50881,18,0.8,0.82,0.73
2011,ME,42,49,50881,18,0.8,0.82,0.73
2011,MI,159,131,50881,18,0.8,0.82,0.73
2011,MN,81,56,50881,18,0.8,0.82,0.73
2011,MO,138,55,50881,18,0.8,0.82,0.73
2011,MS,22,NA,50881,18,0.8,0.82,0.73
2011,MT,48,35,50881,18,0.8,0.82,0.73
2011,NC,193,71,50881,18,0.8,0.82,0.73
2011,ND,12,3,50881,18,0.8,0.82,0.73
2011,NE,27,18,50881,18,0.8,0.82,0.73
2011,NH,33,21,50881,18,0.8,0.82,0.73
2011,NJ,92,31,50881,18,0.8,0.82,0.73
2011,NM,35,30,50881,18,0.8,0.82,0.73
2011,NV,54,20,50881,18,0.8,0.82,0.73
2011,NY,250,123,50881,18,0.8,0.82,0.73
2011,OH,155,81,50881,18,0.8,0.82,0.73
2011,OK,56,10,50881,18,0.8,0.82,0.73
2011,OR,115,148,50881,18,0.8,0.82,0.73
2011,PA,186,146,50881,18,0.8,0.82,0.73
2011,RI,18,6,50881,18,0.8,0.82,0.73
2011,SC,116,17,50881,18,0.8,0.82,0.73
2011,SD,16,9,50881,18,0.8,0.82,0.73
2011,TN,98,31,50881,18,0.8,0.82,0.73
2011,TX,262,84,50881,18,0.8,0.82,0.73
2011,UT,55,18,50881,18,0.8,0.82,0.73
2011,VA,101,54,50881,18,0.8,0.82,0.73
2011,VT,23,34,50881,18,0.8,0.82,0.73
2011,WA,302,188,50881,18,0.8,0.82,0.73
2011,WI,112,126,50881,18,0.8,0.82,0.73
2011,WV,29,8,50881,18,0.8,0.82,0.73
2011,WY,21,15,50881,18,0.8,0.82,0.73
2012,AK,48,25,52265,12,0.84,0.84,0.76
2012,AL,66,15,52265,12,0.84,0.84,0.76
2012,AR,57,13,52265,12,0.84,0.84,0.76
2012,AZ,209,55,52265,12,0.84,0.84,0.76
2012,CA,754,472,52265,12,0.84,0.84,0.76
2012,CO,118,185,52265,12,0.84,0.84,0.76
2012,CT,156,24,52265,12,0.84,0.84,0.76
2012,DE,31,13,52265,12,0.84,0.84,0.76
2012,FL,457,89,52265,12,0.84,0.84,0.76
2012,GA,123,31,52265,12,0.84,0.84,0.76
2012,HI,34,15,52265,12,0.84,0.84,0.76
2012,IA,101,46,52265,12,0.84,0.84,0.76
2012,ID,57,39,52265,12,0.84,0.84,0.76
2012,IL,269,95,52265,12,0.84,0.84,0.76
2012,IN,145,72,52265,12,0.84,0.84,0.76
2012,KS,59,21,52265,12,0.84,0.84,0.76
2012,KY,62,25,52265,12,0.84,0.84,0.76
2012,LA,47,12,52265,12,0.84,0.84,0.76
2012,MA,157,65,52265,12,0.84,0.84,0.76
2012,MD,108,40,52265,12,0.84,0.84,0.76
2012,ME,101,53,52265,12,0.84,0.84,0.76
2012,MI,233,160,52265,12,0.84,0.84,0.76
2012,MN,143,70,52265,12,0.84,0.84,0.76
2012,MO,177,60,52265,12,0.84,0.84,0.76
2012,MS,44,4,52265,12,0.84,0.84,0.76
2012,MT,74,41,52265,12,0.84,0.84,0.76
2012,NC,245,94,52265,12,0.84,0.84,0.76
2012,ND,12,7,52265,12,0.84,0.84,0.76
2012,NE,47,20,52265,12,0.84,0.84,0.76
2012,NH,80,25,52265,12,0.84,0.84,0.76
2012,NJ,154,29,52265,12,0.84,0.84,0.76
2012,NM,71,38,52265,12,0.84,0.84,0.76
2012,NV,85,23,52265,12,0.84,0.84,0.76
2012,NY,379,150,52265,12,0.84,0.84,0.76
2012,OH,273,99,52265,12,0.84,0.84,0.76
2012,OK,94,13,52265,12,0.84,0.84,0.76
2012,OR,180,180,52265,12,0.84,0.84,0.76
2012,PA,292,162,52265,12,0.84,0.84,0.76
2012,RI,46,9,52265,12,0.84,0.84,0.76
2012,SC,185,23,52265,12,0.84,0.84,0.76
2012,SD,27,12,52265,12,0.84,0.84,0.76
2012,TN,125,45,52265,12,0.84,0.84,0.76
2012,TX,261,107,52265,12,0.84,0.84,0.76
2012,UT,110,22,52265,12,0.84,0.84,0.76
2012,VA,150,67,52265,12,0.84,0.84,0.76
2012,VT,57,39,52265,12,0.84,0.84,0.76
2012,WA,421,230,52265,12,0.84,0.84,0.76
2012,WI,156,146,52265,12,0.84,0.84,0.76
2012,WV,62,8,52265,12,0.84,0.84,0.76
2012,WY,14,19,52265,12,0.84,0.84,0.76
2013,AK,53,25,53484,17,0.86,0.85,0.78
2013,AL,85,23,53484,17,0.86,0.85,0.78
2013,AR,55,18,53484,17,0.86,0.85,0.78
2013,AZ,234,59,53484,17,0.86,0.85,0.78
2013,CA,716,528,53484,17,0.86,0.85,0.78
2013,CO,145,234,53484,17,0.86,0.85,0.78
2013,CT,140,39,53484,17,0.86,0.85,0.78
2013,DE,12,13,53484,17,0.86,0.85,0.78
2013,FL,543,113,53484,17,0.86,0.85,0.78
2013,GA,142,37,53484,17,0.86,0.85,0.78
2013,HI,53,17,53484,17,0.86,0.85,0.78
2013,IA,81,54,53484,17,0.86,0.85,0.78
2013,ID,100,42,53484,17,0.86,0.85,0.78
2013,IL,173,123,53484,17,0.86,0.85,0.78
2013,IN,144,95,53484,17,0.86,0.85,0.78
2013,KS,55,25,53484,17,0.86,0.85,0.78
2013,KY,98,25,53484,17,0.86,0.85,0.78
2013,LA,51,15,53484,17,0.86,0.85,0.78
2013,MA,195,82,53484,17,0.86,0.85,0.78
2013,MD,115,43,53484,17,0.86,0.85,0.78
2013,ME,81,60,53484,17,0.86,0.85,0.78
2013,MI,183,195,53484,17,0.86,0.85,0.78
2013,MN,125,75,53484,17,0.86,0.85,0.78
2013,MO,110,63,53484,17,0.86,0.85,0.78
2013,MS,39,7,53484,17,0.86,0.85,0.78
2013,MT,52,49,53484,17,0.86,0.85,0.78
2013,NC,198,125,53484,17,0.86,0.85,0.78
2013,ND,7,8,53484,17,0.86,0.85,0.78
2013,NE,28,25,53484,17,0.86,0.85,0.78
2013,NH,66,35,53484,17,0.86,0.85,0.78
2013,NJ,165,37,53484,17,0.86,0.85,0.78
2013,NM,85,48,53484,17,0.86,0.85,0.78
2013,NV,53,26,53484,17,0.86,0.85,0.78
2013,NY,252,193,53484,17,0.86,0.85,0.78
2013,OH,362,114,53484,17,0.86,0.85,0.78
2013,OK,81,17,53484,17,0.86,0.85,0.78
2013,OR,189,220,53484,17,0.86,0.85,0.78
2013,PA,306,183,53484,17,0.86,0.85,0.78
2013,RI,37,12,53484,17,0.86,0.85,0.78
2013,SC,157,30,53484,17,0.86,0.85,0.78
2013,SD,20,12,53484,17,0.86,0.85,0.78
2013,TN,124,51,53484,17,0.86,0.85,0.78
2013,TX,246,128,53484,17,0.86,0.85,0.78
2013,UT,90,24,53484,17,0.86,0.85,0.78
2013,VA,203,85,53484,17,0.86,0.85,0.78
2013,VT,65,45,53484,17,0.86,0.85,0.78
2013,WA,321,266,53484,17,0.86,0.85,0.78
2013,WI,178,146,53484,17,0.86,0.85,0.78
2013,WV,58,9,53484,17,0.86,0.85,0.78
2013,WY,17,25,53484,17,0.86,0.85,0.78
2014,AK,42,28,54516,11,0.85,0.85,0.79
2014,AL,126,25,54516,11,0.85,0.85,0.79
2014,AR,34,23,54516,11,0.85,0.85,0.79
2014,AZ,300,77,54516,11,0.85,0.85,0.79
2014,CA,864,654,54516,11,0.85,0.85,0.79
2014,CO,198,300,54516,11,0.85,0.85,0.79
2014,CT,95,50,54516,11,0.85,0.85,0.79
2014,DE,37,15,54516,11,0.85,0.85,0.79
2014,FL,639,158,54516,11,0.85,0.85,0.79
2014,GA,222,48,54516,11,0.85,0.85,0.79
2014,HI,69,20,54516,11,0.85,0.85,0.79
2014,IA,68,60,54516,11,0.85,0.85,0.79
2014,ID,89,51,54516,11,0.85,0.85,0.79
2014,IL,168,164,54516,11,0.85,0.85,0.79
2014,IN,146,116,54516,11,0.85,0.85,0.79
2014,KS,68,27,54516,11,0.85,0.85,0.79
2014,KY,89,38,54516,11,0.85,0.85,0.79
2014,LA,110,17,54516,11,0.85,0.85,0.79
2014,MA,198,98,54516,11,0.85,0.85,0.79
2014,MD,146,55,54516,11,0.85,0.85,0.79
2014,ME,53,71,54516,11,0.85,0.85,0.79
2014,MI,182,256,54516,11,0.85,0.85,0.79
2014,MN,103,113,54516,11,0.85,0.85,0.79
2014,MO,144,77,54516,11,0.85,0.85,0.79
2014,MS,44,10,54516,11,0.85,0.85,0.79
2014,MT,56,62,54516,11,0.85,0.85,0.79
2014,NC,280,155,54516,11,0.85,0.85,0.79
2014,ND,11,10,54516,11,0.85,0.85,0.79
2014,NE,25,35,54516,11,0.85,0.85,0.79
2014,NH,95,46,54516,11,0.85,0.85,0.79
2014,NJ,167,49,54516,11,0.85,0.85,0.79
2014,NM,109,60,54516,11,0.85,0.85,0.79
2014,NV,98,34,54516,11,0.85,0.85,0.79
2014,NY,325,255,54516,11,0.85,0.85,0.79
2014,OH,277,151,54516,11,0.85,0.85,0.79
2014,OK,93,18,54516,11,0.85,0.85,0.79
2014,OR,224,244,54516,11,0.85,0.85,0.79
2014,PA,378,233,54516,11,0.85,0.85,0.79
2014,RI,37,14,54516,11,0.85,0.85,0.79
2014,SC,259,37,54516,11,0.85,0.85,0.79
2014,SD,21,15,54516,11,0.85,0.85,0.79
2014,TN,147,69,54516,11,0.85,0.85,0.79
2014,TX,307,170,54516,11,0.85,0.85,0.79
2014,UT,75,27,54516,11,0.85,0.85,0.79
2014,VA,182,117,54516,11,0.85,0.85,0.79
2014,VT,37,51,54516,11,0.85,0.85,0.79
2014,WA,366,314,54516,11,0.85,0.85,0.79
2014,WI,146,168,54516,11,0.85,0.85,0.79
2014,WV,62,13,54516,11,0.85,0.85,0.79
2014,WY,21,28,54516,11,0.85,0.85,0.79
2015,AK,39,35,NA,8,0.85,0.85,0.78
2015,AL,66,30,NA,8,0.85,0.85,0.78
2015,AR,40,29,NA,8,0.85,0.85,0.78
2015,AZ,280,91,NA,8,0.85,0.85,0.78
2015,CA,801,788,NA,8,0.85,0.85,0.78
2015,CO,163,352,NA,8,0.85,0.85,0.78
2015,CT,85,59,NA,8,0.85,0.85,0.78
2015,DE,30,21,NA,8,0.85,0.85,0.78
2015,FL,468,205,NA,8,0.85,0.85,0.78
2015,GA,133,54,NA,8,0.85,0.85,0.78
2015,HI,27,26,NA,8,0.85,0.85,0.78
2015,IA,47,71,NA,8,0.85,0.85,0.78
2015,ID,97,57,NA,8,0.85,0.85,0.78
2015,IL,182,210,NA,8,0.85,0.85,0.78
2015,IN,79,151,NA,8,0.85,0.85,0.78
2015,KS,46,37,NA,8,0.85,0.85,0.78
2015,KY,70,48,NA,8,0.85,0.85,0.78
2015,LA,60,25,NA,8,0.85,0.85,0.78
2015,MA,147,124,NA,8,0.85,0.85,0.78
2015,MD,113,73,NA,8,0.85,0.85,0.78
2015,ME,58,84,NA,8,0.85,0.85,0.78
2015,MI,182,316,NA,8,0.85,0.85,0.78
2015,MN,152,142,NA,8,0.85,0.85,0.78
2015,MO,100,90,NA,8,0.85,0.85,0.78
2015,MS,40,14,NA,8,0.85,0.85,0.78
2015,MT,60,74,NA,8,0.85,0.85,0.78
2015,NC,185,207,NA,8,0.85,0.85,0.78
2015,ND,11,11,NA,8,0.85,0.85,0.78
2015,NE,23,39,NA,8,0.85,0.85,0.78
2015,NH,84,63,NA,8,0.85,0.85,0.78
2015,NJ,129,71,NA,8,0.85,0.85,0.78
2015,NM,75,71,NA,8,0.85,0.85,0.78
2015,NV,111,39,NA,8,0.85,0.85,0.78
2015,NY,295,329,NA,8,0.85,0.85,0.78
2015,OH,213,187,NA,8,0.85,0.85,0.78
2015,OK,68,21,NA,8,0.85,0.85,0.78
2015,OR,213,281,NA,8,0.85,0.85,0.78
2015,PA,239,278,NA,8,0.85,0.85,0.78
2015,RI,48,15,NA,8,0.85,0.85,0.78
2015,SC,106,51,NA,8,0.85,0.85,0.78
2015,SD,17,19,NA,8,0.85,0.85,0.78
2015,TN,108,88,NA,8,0.85,0.85,0.78
2015,TX,184,220,NA,8,0.85,0.85,0.78
2015,UT,74,29,NA,8,0.85,0.85,0.78
2015,VA,148,155,NA,8,0.85,0.85,0.78
2015,VT,46,66,NA,8,0.85,0.85,0.78
2015,WA,268,383,NA,8,0.85,0.85,0.78
2015,WI,130,189,NA,8,0.85,0.85,0.78
2015,WV,56,17,NA,8,0.85,0.85,0.78
2015,WY,19,32,NA,8,0.85,0.85,0.78
2016,AK,42,36,NA,13,NA,NA,NA
2016,AL,51,37,NA,13,NA,NA,NA
2016,AR,41,34,NA,13,NA,NA,NA
2016,AZ,232,110,NA,13,NA,NA,NA
2016,CA,572,927,NA,13,NA,NA,NA
2016,CO,197,386,NA,13,NA,NA,NA
2016,CT,71,76,NA,13,NA,NA,NA
2016,DE,18,25,NA,13,NA,NA,NA
2016,FL,358,264,NA,13,NA,NA,NA
2016,GA,121,69,NA,13,NA,NA,NA
2016,HI,29,23,NA,13,NA,NA,NA
2016,IA,40,94,NA,13,NA,NA,NA
2016,ID,73,67,NA,13,NA,NA,NA
2016,IL,153,244,NA,13,NA,NA,NA
2016,IN,83,163,NA,13,NA,NA,NA
2016,KS,49,47,NA,13,NA,NA,NA
2016,KY,51,60,NA,13,NA,NA,NA
2016,LA,48,34,NA,13,NA,NA,NA
2016,MA,111,146,NA,13,NA,NA,NA
2016,MD,96,88,NA,13,NA,NA,NA
2016,ME,69,102,NA,13,NA,NA,NA
2016,MI,136,379,NA,13,NA,NA,NA
2016,MN,81,165,NA,13,NA,NA,NA
2016,MO,111,116,NA,13,NA,NA,NA
2016,MS,32,14,NA,13,NA,NA,NA
2016,MT,49,79,NA,13,NA,NA,NA
2016,NC,215,260,NA,13,NA,NA,NA
2016,ND,12,15,NA,13,NA,NA,NA
2016,NE,16,47,NA,13,NA,NA,NA
2016,NH,51,73,NA,13,NA,NA,NA
2016,NJ,127,96,NA,13,NA,NA,NA
2016,NM,78,86,NA,13,NA,NA,NA
2016,NV,64,44,NA,13,NA,NA,NA
2016,NY,213,394,NA,13,NA,NA,NA
2016,OH,149,236,NA,13,NA,NA,NA
2016,OK,43,26,NA,13,NA,NA,NA
2016,OR,166,304,NA,13,NA,NA,NA
2016,PA,197,333,NA,13,NA,NA,NA
2016,RI,33,17,NA,13,NA,NA,NA
2016,SC,94,59,NA,13,NA,NA,NA
2016,SD,22,21,NA,13,NA,NA,NA
2016,TN,112,101,NA,13,NA,NA,NA
2016,TX,149,266,NA,13,NA,NA,NA
2016,UT,87,34,NA,13,NA,NA,NA
2016,VA,116,209,NA,13,NA,NA,NA
2016,VT,21,73,NA,13,NA,NA,NA
2016,WA,227,424,NA,13,NA,NA,NA
2016,WI,119,217,NA,13,NA,NA,NA
2016,WV,29,24,NA,13,NA,NA,NA
2016,WY,15,33,NA,13,NA,NA,NA
