year,state,region,sightings_per_100k
1974,AK,West,NA
1974,AL,South,NA
1974,AR,South,NA
1974,AZ,West,NA
1974,CA,West,NA
1974,CO,West,NA
1974,CT,Northeast,NA
1974,DE,South,NA
1974,FL,South,NA
1974,GA,South,NA
1974,IA,Midwest,NA
1974,ID,West,NA
1974,IL,Midwest,NA
1974,IN,Midwest,NA
1974,KS,Midwest,NA
1974,KY,South,NA
1974,LA,South,NA
1974,MA,Northeast,NA
1974,MD,South,NA
1974,ME,Northeast,NA
1974,MI,Midwest,NA
1974,MN,Midwest,NA
1974,MO,Midwest,NA
1974,MS,South,NA
1974,NC,South,NA
1974,ND,Midwest,NA
1974,NH,Northeast,NA
1974,NJ,Northeast,NA
1974,NM,West,NA
1974,NY,Northeast,NA
1974,OH,Midwest,NA
1974,OK,South,NA
1974,OR,West,NA
1974,PA,Northeast,NA
1974,RI,Northeast,NA
1974,SC,South,NA
1974,TN,South,NA
1974,TX,South,NA
1974,UT,West,NA
1974,VA,South,NA
1974,VT,Northeast,NA
1974,WA,West,NA
1974,WI,Midwest,NA
1974,WV,South,NA
1975,AK,West,NA
1975,AL,South,NA
1975,AR,South,NA
1975,AZ,West,NA
1975,CA,West,NA
1975,CO,West,NA
1975,CT,Northeast,NA
1975,FL,South,NA
1975,GA,South,NA
1975,IA,Midwest,NA
1975,ID,West,NA
1975,IL,Midwest,NA
1975,IN,Midwest,NA
1975,KS,Midwest,NA
1975,KY,South,NA
1975,LA,South,NA
1975,MA,Northeast,NA
1975,MD,South,NA
1975,ME,Northeast,NA
1975,MI,Midwest,NA
1975,MN,Midwest,NA
1975,MO,Midwest,NA
1975,MS,South,NA
1975,MT,West,NA
1975,NC,South,NA
1975,ND,Midwest,NA
1975,NH,Northeast,NA
1975,NJ,Northeast,NA
1975,NM,West,NA
1975,NV,West,NA
1975,NY,Northeast,NA
1975,OH,Midwest,NA
1975,OK,South,NA
1975,OR,West,NA
1975,PA,Northeast,NA
1975,RI,Northeast,NA
1975,SC,South,NA
1975,TN,South,NA
1975,TX,South,NA
1975,UT,West,NA
1975,VA,South,NA
1975,VT,Northeast,NA
1975,WA,West,NA
1975,WI,Midwest,NA
1975,WV,South,NA
1975,WY,West,NA
1976,AK,West,NA
1976,AL,South,NA
1976,AR,South,NA
1976,AZ,West,NA
1976,CA,West,NA
1976,CO,West,NA
1976,CT,Northeast,NA
1976,DE,South,NA
1976,FL,South,NA
1976,GA,South,NA
1976,IA,Midwest,NA
1976,IL,Midwest,NA
1976,IN,Midwest,NA
1976,KS,Midwest,NA
1976,KY,South,NA
1976,LA,South,NA
1976,MA,Northeast,NA
1976,MD,South,NA
1976,ME,Northeast,NA
1976,MI,Midwest,NA
1976,MN,Midwest,NA
1976,MO,Midwest,NA
1976,MS,South,NA
1976,MT,West,NA
1976,NC,South,NA
1976,ND,Midwest,NA
1976,NE,Midwest,NA
1976,NH,Northeast,NA
1976,NJ,Northeast,NA
1976,NM,West,NA
1976,NV,West,NA
1976,NY,Northeast,NA
1976,OH,Midwest,NA
1976,OK,South,NA
1976,OR,West,NA
1976,PA,Northeast,NA
1976,RI,Northeast,NA
1976,SC,South,NA
1976,SD,Midwest,NA
1976,TN,South,NA
1976,TX,South,NA
1976,UT,West,NA
1976,VA,South,NA
1976,VT,Northeast,NA
1976,WA,West,NA
1976,WI,Midwest,NA
1976,WV,South,NA
1976,WY,West,NA
1977,AK,West,NA
1977,AL,South,NA
1977,AR,South,NA
1977,AZ,West,NA
1977,CA,West,NA
1977,CO,West,NA
1977,CT,Northeast,NA
1977,FL,South,NA
1977,GA,South,NA
1977,HI,West,NA
1977,IA,Midwest,NA
1977,ID,West,NA
1977,IL,Midwest,NA
1977,IN,Midwest,NA
1977,KS,Midwest,NA
1977,KY,South,NA
1977,LA,South,NA
1977,MA,Northeast,NA
1977,MD,South,NA
1977,ME,Northeast,NA
1977,MI,Midwest,NA
1977,MN,Midwest,NA
1977,MO,Midwest,NA
1977,MS,South,NA
1977,MT,West,NA
1977,NC,South,NA
1977,ND,Midwest,NA
1977,NE,Midwest,NA
1977,NH,Northeast,NA
1977,NJ,Northeast,NA
1977,NM,West,NA
1977,NV,West,NA
1977,NY,Northeast,NA
1977,OH,Midwest,NA
1977,OK,South,NA
1977,OR,West,NA
1977,PA,Northeast,NA
1977,RI,Northeast,NA
1977,SC,South,NA
1977,TN,South,NA
1977,TX,South,NA
1977,UT,West,NA
1977,VA,South,NA
1977,VT,Northeast,NA
1977,WA,West,NA
1977,WI,Midwest,NA
1977,WV,South,NA
1978,AK,West,NA
1978,AL,South,NA
1978,AZ,West,NA
1978,CA,West,NA
1978,CO,West,NA
1978,CT,Northeast,NA
1978,FL,South,NA
1978,GA,South,NA
1978,HI,West,NA
1978,IA,Midwest,NA
1978,ID,West,NA
1978,IL,Midwest,NA
1978,IN,Midwest,NA
1978,KS,Midwest,NA
1978,KY,South,NA
1978,LA,South,NA
1978,MA,Northeast,NA
1978,MD,South,NA
1978,ME,Northeast,NA
1978,MI,Midwest,NA
1978,MN,Midwest,NA
1978,MO,Midwest,NA
1978,MS,South,NA
1978,MT,West,NA
1978,NC,South,NA
1978,ND,Midwest,NA
1978,NH,Northeast,NA
1978,NJ,Northeast,NA
1978,NM,West,NA
1978,NV,West,NA
1978,NY,Northeast,NA
1978,OH,Midwest,NA
1978,OK,South,NA
1978,OR,West,NA
1978,PA,Northeast,NA
1978,RI,Northeast,NA
1978,SC,South,NA
1978,SD,Midwest,NA
1978,TN,South,NA
1978,TX,South,NA
1978,UT,West,NA
1978,VA,South,NA
1978,WA,West,NA
1978,WI,Midwest,NA
1978,WV,South,NA
1978,WY,West,NA
1979,AL,South,NA
1979,AR,South,NA
1979,AZ,West,NA
1979,CA,West,NA
1979,CO,West,NA
1979,CT,Northeast,NA
1979,FL,South,NA
1979,GA,South,NA
1979,HI,West,NA
1979,IA,Midwest,NA
1979,IL,Midwest,NA
1979,IN,Midwest,NA
1979,KY,South,NA
1979,LA,South,NA
1979,MA,Northeast,NA
1979,MD,South,NA
1979,ME,Northeast,NA
1979,MI,Midwest,NA
1979,MN,Midwest,NA
1979,MO,Midwest,NA
1979,MS,South,NA
1979,MT,West,NA
1979,NC,South,NA
1979,ND,Midwest,NA
1979,NE,Midwest,NA
1979,NJ,Northeast,NA
1979,NM,West,NA
1979,NV,West,NA
1979,NY,Northeast,NA
1979,OH,Midwest,NA
1979,OK,South,NA
1979,OR,West,NA
1979,PA,Northeast,NA
1979,RI,Northeast,NA
1979,SC,South,NA
1979,SD,Midwest,NA
1979,TN,South,NA
1979,TX,South,NA
1979,UT,West,NA
1979,VA,South,NA
1979,VT,Northeast,NA
1979,WA,West,NA
1979,WI,Midwest,NA
1979,WV,South,NA
1980,AK,West,NA
1980,AL,South,NA
1980,AR,South,NA
1980,AZ,West,NA
1980,CA,West,NA
1980,CO,West,NA
1980,CT,Northeast,NA
1980,DE,South,NA
1980,FL,South,NA
1980,GA,South,NA
1980,HI,West,NA
1980,IA,Midwest,NA
1980,ID,West,NA
1980,IL,Midwest,NA
1980,IN,Midwest,NA
1980,KS,Midwest,NA
1980,KY,South,NA
1980,LA,South,NA
1980,MA,Northeast,NA
1980,MD,South,NA
1980,ME,Northeast,NA
1980,MI,Midwest,NA
1980,MN,Midwest,NA
1980,MO,Midwest,NA
1980,NC,South,NA
1980,NE,Midwest,NA
1980,NH,Northeast,NA
1980,NJ,Northeast,NA
1980,NM,West,NA
1980,NV,West,NA
1980,NY,Northeast,NA
1980,OH,Midwest,NA
1980,OK,South,NA
1980,OR,West,NA
1980,PA,Northeast,NA
1980,SC,South,NA
1980,TN,South,NA
1980,TX,South,NA
1980,UT,West,NA
1980,VA,South,NA
1980,VT,Northeast,NA
1980,WA,West,NA
1980,WI,Midwest,NA
1980,WV,South,NA
1980,WY,West,NA
1981,AK,West,NA
1981,AL,South,NA
1981,AR,South,NA
1981,AZ,West,NA
1981,CA,West,NA
1981,CO,West,NA
1981,CT,Northeast,NA
1981,DE,South,NA
1981,FL,South,NA
1981,GA,South,NA
1981,IA,Midwest,NA
1981,ID,West,NA
1981,IL,Midwest,NA
1981,IN,Midwest,NA
1981,KS,Midwest,NA
1981,KY,South,NA
1981,LA,South,NA
1981,MA,Northeast,NA
1981,MD,South,NA
1981,ME,Northeast,NA
1981,MI,Midwest,NA
1981,MN,Midwest,NA
1981,MO,Midwest,NA
1981,MS,South,NA
1981,NC,South,NA
1981,NE,Midwest,NA
1981,NH,Northeast,NA
1981,NJ,Northeast,NA
1981,NM,West,NA
1981,NV,West,NA
1981,NY,Northeast,NA
1981,OH,Midwest,NA
1981,OK,South,NA
1981,OR,West,NA
1981,PA,Northeast,NA
1981,RI,Northeast,NA
1981,SC,South,NA
1981,SD,Midwest,NA
1981,TN,South,NA
1981,TX,South,NA
1981,UT,West,NA
1981,VA,South,NA
1981,VT,Northeast,NA
1981,WA,West,NA
1981,WI,Midwest,NA
1982,AK,West,NA
1982,AR,South,NA
1982,AZ,West,NA
1982,CA,West,NA
1982,CO,West,NA
1982,CT,Northeast,NA
1982,DE,South,NA
1982,FL,South,NA
1982,GA,South,NA
1982,IA,Midwest,NA
1982,ID,West,NA
1982,IL,Midwest,NA
1982,IN,Midwest,NA
1982,KS,Midwest,NA
1982,KY,South,NA
1982,LA,South,NA
1982,MA,Northeast,NA
1982,MD,South,NA
1982,ME,Northeast,NA
1982,MI,Midwest,NA
1982,MN,Midwest,NA
1982,MO,Midwest,NA
1982,MS,South,NA
1982,MT,West,NA
1982,NC,South,NA
1982,ND,Midwest,NA
1982,NE,Midwest,NA
1982,NJ,Northeast,NA
1982,NM,West,NA
1982,NV,West,NA
1982,NY,Northeast,NA
1982,OH,Midwest,NA
1982,OK,South,NA
1982,OR,West,NA
1982,PA,Northeast,NA
1982,RI,Northeast,NA
1982,SC,South,NA
1982,TN,South,NA
1982,TX,South,NA
1982,UT,West,NA
1982,VA,South,NA
1982,VT,Northeast,NA
1982,WA,West,NA
1982,WI,Midwest,NA
1982,WV,South,NA
1983,AK,West,NA
1983,AR,South,NA
1983,AZ,West,NA
1983,CA,West,NA
1983,CO,West,NA
1983,CT,Northeast,NA
1983,FL,South,NA
1983,GA,South,NA
1983,HI,West,NA
1983,IA,Midwest,NA
1983,ID,West,NA
1983,IL,Midwest,NA
1983,IN,Midwest,NA
1983,KS,Midwest,NA
1983,LA,South,NA
1983,MA,Northeast,NA
1983,MI,Midwest,NA
1983,MN,Midwest,NA
1983,MO,Midwest,NA
1983,MS,South,NA
1983,NC,South,NA
1983,ND,Midwest,NA
1983,NE,Midwest,NA
1983,NH,Northeast,NA
1983,NJ,Northeast,NA
1983,NM,West,NA
1983,NV,West,NA
1983,NY,Northeast,NA
1983,OH,Midwest,NA
1983,OK,South,NA
1983,OR,West,NA
1983,PA,Northeast,NA
1983,RI,Northeast,NA
1983,SC,South,NA
1983,SD,Midwest,NA
1983,TX,South,NA
1983,UT,West,NA
1983,VA,South,NA
1983,WA,West,NA
1983,WI,Midwest,NA
1983,WV,South,NA
1983,WY,West,NA
1984,AK,West,NA
1984,AL,South,NA
1984,AR,South,NA
1984,AZ,West,NA
1984,CA,West,NA
1984,CT,Northeast,NA
1984,DE,South,NA
1984,FL,South,NA
1984,GA,South,NA
1984,HI,West,NA
1984,IA,Midwest,NA
1984,ID,West,NA
1984,IL,Midwest,NA
1984,IN,Midwest,NA
1984,KY,South,NA
1984,LA,South,NA
1984,MA,Northeast,NA
1984,MD,South,NA
1984,ME,Northeast,NA
1984,MI,Midwest,NA
1984,MN,Midwest,NA
1984,MO,Midwest,NA
1984,MS,South,NA
1984,MT,West,NA
1984,NC,South,NA
1984,NE,Midwest,NA
1984,NH,Northeast,NA
1984,NJ,Northeast,NA
1984,NM,West,NA
1984,NV,West,NA
1984,NY,Northeast,NA
1984,OH,Midwest,NA
1984,OR,West,NA
1984,PA,Northeast,NA
1984,SC,South,NA
1984,SD,Midwest,NA
1984,TN,South,NA
1984,TX,South,NA
1984,UT,West,NA
1984,VA,South,NA
1984,WA,West,NA
1984,WI,Midwest,NA
1984,WV,South,NA
1984,WY,West,NA
1985,AK,West,NA
1985,AL,South,NA
1985,AR,South,NA
1985,AZ,West,NA
1985,CA,West,NA
1985,CO,West,NA
1985,CT,Northeast,NA
1985,FL,South,NA
1985,GA,South,NA
1985,HI,West,NA
1985,IL,Midwest,NA
1985,IN,Midwest,NA
1985,KS,Midwest,NA
1985,KY,South,NA
1985,LA,South,NA
1985,MA,Northeast,NA
1985,MD,South,NA
1985,MI,Midwest,NA
1985,MN,Midwest,NA
1985,MO,Midwest,NA
1985,NC,South,NA
1985,NE,Midwest,NA
1985,NH,Northeast,NA
1985,NJ,Northeast,NA
1985,NM,West,NA
1985,NV,West,NA
1985,NY,Northeast,NA
1985,OH,Midwest,NA
1985,OK,South,NA
1985,OR,West,NA
1985,PA,Northeast,NA
1985,SC,South,NA
1985,TN,South,NA
1985,TX,South,NA
1985,UT,West,NA
1985,VA,South,NA
1985,VT,Northeast,NA
1985,WA,West,NA
1985,WI,Midwest,NA
1985,WV,South,NA
1985,WY,West,NA
1986,AK,West,NA
1986,AL,South,NA
1986,AR,South,NA
1986,AZ,West,NA
1986,CA,West,NA
1986,CO,West,NA
1986,CT,Northeast,NA
1986,FL,South,NA
1986,GA,South,NA
1986,HI,West,NA
1986,IA,Midwest,NA
1986,IL,Midwest,NA
1986,IN,Midwest,NA
1986,KS,Midwest,NA
1986,KY,South,NA
1986,LA,South,NA
1986,MA,Northeast,NA
1986,MD,South,NA
1986,MI,Midwest,NA
1986,MO,Midwest,NA
1986,MS,South,NA
1986,MT,West,NA
1986,NC,South,NA
1986,NE,Midwest,NA
1986,NH,Northeast,NA
1986,NJ,Northeast,NA
1986,NM,West,NA
1986,NV,West,NA
1986,NY,Northeast,NA
1986,OH,Midwest,NA
1986,OK,South,NA
1986,OR,West,NA
1986,PA,Northeast,NA
1986,SC,South,NA
1986,TN,South,NA
1986,TX,South,NA
1986,UT,West,NA
1986,VA,South,NA
1986,WA,West,NA
1986,WI,Midwest,NA
1986,WV,South,NA
1987,AK,West,NA
1987,AL,South,NA
1987,AR,South,NA
1987,AZ,West,NA
1987,CA,West,NA
1987,CO,West,NA
1987,CT,Northeast,NA
1987,FL,South,NA
1987,GA,South,NA
1987,IA,Midwest,NA
1987,IL,Midwest,NA
1987,IN,Midwest,NA
1987,KS,Midwest,NA
1987,KY,South,NA
1987,LA,South,NA
1987,MA,Northeast,NA
1987,MD,South,NA
1987,ME,Northeast,NA
1987,MI,Midwest,NA
1987,MN,Midwest,NA
1987,MO,Midwest,NA
1987,MS,South,NA
1987,MT,West,NA
1987,NC,South,NA
1987,NE,Midwest,NA
1987,NH,Northeast,NA
1987,NJ,Northeast,NA
1987,NM,West,NA
1987,NV,West,NA
1987,NY,Northeast,NA
1987,OH,Midwest,NA
1987,OK,South,NA
1987,OR,West,NA
1987,PA,Northeast,NA
1987,RI,Northeast,NA
1987,SD,Midwest,NA
1987,TN,South,NA
1987,TX,South,NA
1987,UT,West,NA
1987,VA,South,NA
1987,VT,Northeast,NA
1987,WA,West,NA
1987,WI,Midwest,NA
1987,WV,South,NA
1987,WY,West,NA
1988,AK,West,NA
1988,AL,South,NA
1988,AR,South,NA
1988,AZ,West,NA
1988,CA,West,NA
1988,CO,West,NA
1988,CT,Northeast,NA
1988,DE,South,NA
1988,FL,South,NA
1988,GA,South,NA
1988,HI,West,NA
1988,IL,Midwest,NA
1988,IN,Midwest,NA
1988,KY,South,NA
1988,LA,South,NA
1988,MA,Northeast,NA
1988,MD,South,NA
1988,ME,Northeast,NA
1988,MI,Midwest,NA
1988,MN,Midwest,NA
1988,MO,Midwest,NA
1988,MS,South,NA
1988,NC,South,NA
1988,NE,Midwest,NA
1988,NH,Northeast,NA
1988,NJ,Northeast,NA
1988,NM,West,NA
1988,NV,West,NA
1988,NY,Northeast,NA
1988,OH,Midwest,NA
1988,OK,South,NA
1988,OR,West,NA
1988,PA,Northeast,NA
1988,SC,South,NA
1988,TX,South,NA
1988,UT,West,NA
1988,VA,South,NA
1988,VT,Northeast,NA
1988,WA,West,NA
1988,WI,Midwest,NA
1988,WV,South,NA
1989,AK,West,NA
1989,AL,South,NA
1989,AR,South,NA
1989,AZ,West,NA
1989,CA,West,NA
1989,CO,West,NA
1989,CT,Northeast,NA
1989,DE,South,NA
1989,FL,South,NA
1989,GA,South,NA
1989,HI,West,NA
1989,IA,Midwest,NA
1989,ID,West,NA
1989,IL,Midwest,NA
1989,IN,Midwest,NA
1989,KS,Midwest,NA
1989,KY,South,NA
1989,LA,South,NA
1989,MA,Northeast,NA
1989,MD,South,NA
1989,ME,Northeast,NA
1989,MI,Midwest,NA
1989,MO,Midwest,NA
1989,MS,South,NA
1989,MT,West,NA
1989,NC,South,NA
1989,NH,Northeast,NA
1989,NJ,Northeast,NA
1989,NM,West,NA
1989,NV,West,NA
1989,NY,Northeast,NA
1989,OH,Midwest,NA
1989,OK,South,NA
1989,OR,West,NA
1989,PA,Northeast,NA
1989,RI,Northeast,NA
1989,SC,South,NA
1989,TN,South,NA
1989,TX,South,NA
1989,UT,West,NA
1989,VA,South,NA
1989,VT,Northeast,NA
1989,WA,West,NA
1989,WI,Midwest,NA
1989,WV,South,NA
1989,WY,West,NA
1990,AK,West,NA
1990,AR,South,NA
1990,AZ,West,NA
1990,CA,West,NA
1990,CO,West,NA
1990,CT,Northeast,NA
1990,DE,South,NA
1990,FL,South,NA
1990,GA,South,NA
1990,HI,West,NA
1990,IA,Midwest,NA
1990,ID,West,NA
1990,IL,Midwest,NA
1990,IN,Midwest,NA
1990,KS,Midwest,NA
1990,KY,South,NA
1990,LA,South,NA
1990,MA,Northeast,NA
1990,MD,South,NA
1990,ME,Northeast,NA
1990,MI,Midwest,NA
1990,MN,Midwest,NA
1990,MO,Midwest,NA
1990,MT,West,NA
1990,NC,South,NA
1990,ND,Midwest,NA
1990,NE,Midwest,NA
1990,NH,Northeast,NA
1990,NJ,Northeast,NA
1990,NM,West,NA
1990,NV,West,NA
1990,NY,Northeast,NA
1990,OH,Midwest,NA
1990,OK,South,NA
1990,OR,West,NA
1990,PA,Northeast,NA
1990,RI,Northeast,NA
1990,SC,South,NA
1990,TN,South,NA
1990,TX,South,NA
1990,UT,West,NA
1990,VA,South,NA
1990,WA,West,NA
1990,WI,Midwest,NA
1991,AR,South,NA
1991,AZ,West,NA
1991,CA,West,NA
1991,CO,West,NA
1991,CT,Northeast,NA
1991,DE,South,NA
1991,FL,South,NA
1991,GA,South,NA
1991,HI,West,NA
1991,IA,Midwest,NA
1991,ID,West,NA
1991,IL,Midwest,NA
1991,IN,Midwest,NA
1991,KS,Midwest,NA
1991,KY,South,NA
1991,MA,Northeast,NA
1991,MD,South,NA
1991,ME,Northeast,NA
1991,MI,Midwest,NA
1991,MN,Midwest,NA
1991,MO,Midwest,NA
1991,MS,South,NA
1991,MT,West,NA
1991,NC,South,NA
1991,ND,Midwest,NA
1991,NE,Midwest,NA
1991,NH,Northeast,NA
1991,NJ,Northeast,NA
1991,NM,West,NA
1991,NV,West,NA
1991,NY,Northeast,NA
1991,OH,Midwest,NA
1991,OK,South,NA
1991,OR,West,NA
1991,PA,Northeast,NA
1991,SC,South,NA
1991,TN,South,NA
1991,TX,South,NA
1991,UT,West,NA
1991,VA,South,NA
1991,WA,West,NA
1991,WI,Midwest,NA
1992,AL,South,NA
1992,AR,South,NA
1992,AZ,West,NA
1992,CA,West,NA
1992,CO,West,NA
1992,CT,Northeast,NA
1992,FL,South,NA
1992,GA,South,NA
1992,HI,West,NA
1992,IA,Midwest,NA
1992,ID,West,NA
1992,IL,Midwest,NA
1992,IN,Midwest,NA
1992,KS,Midwest,NA
1992,KY,South,NA
1992,LA,South,NA
1992,MA,Northeast,NA
1992,MD,South,NA
1992,ME,Northeast,NA
1992,MI,Midwest,NA
1992,MN,Midwest,NA
1992,MO,Midwest,NA
1992,MS,South,NA
1992,MT,West,NA
1992,NC,South,NA
1992,NE,Midwest,NA
1992,NH,Northeast,NA
1992,NJ,Northeast,NA
1992,NM,West,NA
1992,NV,West,NA
1992,NY,Northeast,NA
1992,OH,Midwest,NA
1992,OK,South,NA
1992,OR,West,NA
1992,PA,Northeast,NA
1992,SC,South,NA
1992,SD,Midwest,NA
1992,TN,South,NA
1992,TX,South,NA
1992,UT,West,NA
1992,VA,South,NA
1992,VT,Northeast,NA
1992,WA,West,NA
1992,WI,Midwest,NA
1992,WV,South,NA
1992,WY,West,NA
1993,AK,West,NA
1993,AL,South,NA
1993,AR,South,NA
1993,AZ,West,NA
1993,CA,West,NA
1993,CO,West,NA
1993,CT,Northeast,NA
1993,DE,South,NA
1993,FL,South,NA
1993,GA,South,NA
1993,HI,West,NA
1993,IA,Midwest,NA
1993,ID,West,NA
1993,IL,Midwest,NA
1993,IN,Midwest,NA
1993,KS,Midwest,NA
1993,KY,South,NA
1993,LA,South,NA
1993,MA,Northeast,NA
1993,MD,South,NA
1993,ME,Northeast,NA
1993,MI,Midwest,NA
1993,MN,Midwest,NA
1993,MO,Midwest,NA
1993,MS,South,NA
1993,MT,West,NA
1993,NC,South,NA
1993,NE,Midwest,NA
1993,NH,Northeast,NA
1993,NJ,Northeast,NA
1993,NM,West,NA
1993,NV,West,NA
1993,NY,Northeast,NA
1993,OH,Midwest,NA
1993,OK,South,NA
1993,OR,West,NA
1993,PA,Northeast,NA
1993,RI,Northeast,NA
1993,SC,South,NA
1993,SD,Midwest,NA
1993,TN,South,NA
1993,TX,South,NA
1993,UT,West,NA
1993,VA,South,NA
1993,VT,Northeast,NA
1993,WA,West,NA
1993,WI,Midwest,NA
1993,WY,West,NA
1994,AK,West,NA
1994,AL,South,NA
1994,AR,South,NA
1994,AZ,West,NA
1994,CA,West,NA
1994,CO,West,NA
1994,CT,Northeast,NA
1994,DE,South,NA
1994,FL,South,NA
1994,GA,South,NA
1994,HI,West,NA
1994,IA,Midwest,NA
1994,ID,West,NA
1994,IL,Midwest,NA
1994,IN,Midwest,NA
1994,KS,Midwest,NA
1994,KY,South,NA
1994,LA,South,NA
1994,MA,Northeast,NA
1994,MD,South,NA
1994,ME,Northeast,NA
1994,MI,Midwest,NA
1994,MN,Midwest,NA
1994,MO,Midwest,NA
1994,MS,South,NA
1994,MT,West,NA
1994,NC,South,NA
1994,NE,Midwest,NA
1994,NJ,Northeast,NA
1994,NM,West,NA
1994,NV,West,NA
1994,NY,Northeast,NA
1994,OH,Midwest,NA
1994,OK,South,NA
1994,OR,West,NA
1994,PA,Northeast,NA
1994,SC,South,NA
1994,SD,Midwest,NA
1994,TN,South,NA
1994,TX,South,NA
1994,UT,West,NA
1994,VA,South,NA
1994,WA,West,NA
1994,WI,Midwest,NA
1994,WV,South,NA
1994,WY,West,NA
1995,AK,West,NA
1995,AL,South,NA
1995,AR,South,NA
1995,AZ,West,NA
1995,CA,West,NA
1995,CO,West,NA
1995,CT,Northeast,NA
1995,DE,South,NA
1995,FL,South,NA
1995,GA,South,NA
1995,HI,West,NA
1995,IA,Midwest,NA
1995,ID,West,NA
1995,IL,Midwest,NA
1995,IN,Midwest,NA
1995,KS,Midwest,NA
1995,KY,South,NA
1995,LA,South,NA
1995,MA,Northeast,NA
1995,MD,South,NA
1995,ME,Northeast,NA
1995,MI,Midwest,NA
1995,MN,Midwest,NA
1995,MO,Midwest,NA
1995,MS,South,NA
1995,MT,West,NA
1995,NC,South,NA
1995,ND,Midwest,NA
1995,NE,Midwest,NA
1995,NH,Northeast,NA
1995,NJ,Northeast,NA
1995,NM,West,NA
1995,NV,West,NA
1995,NY,Northeast,NA
1995,OH,Midwest,NA
1995,OK,South,NA
1995,OR,West,NA
1995,PA,Northeast,NA
1995,RI,Northeast,NA
1995,SC,South,NA
1995,SD,Midwest,NA
1995,TN,South,NA
1995,TX,South,NA
1995,UT,West,NA
1995,VA,South,NA
1995,VT,Northeast,NA
1995,WA,West,NA
1995,WI,Midwest,NA
1995,WV,South,NA
1995,WY,West,NA
1996,AK,West,NA
1996,AL,South,NA
1996,AR,South,NA
1996,AZ,West,NA
1996,CA,West,NA
1996,CO,West,NA
1996,CT,Northeast,NA
1996,FL,South,NA
1996,GA,South,NA
1996,IA,Midwest,NA
1996,ID,West,NA
1996,IL,Midwest,NA
1996,IN,Midwest,NA
1996,KS,Midwest,NA
1996,KY,South,NA
1996,LA,South,NA
1996,MA,Northeast,NA
1996,MD,South,NA
1996,ME,Northeast,NA
1996,MI,Midwest,NA
1996,MN,Midwest,NA
1996,MO,Midwest,NA
1996,MS,South,NA
1996,MT,West,NA
1996,NC,South,NA
1996,ND,Midwest,NA
1996,NE,Midwest,NA
1996,NH,Northeast,NA
1996,NJ,Northeast,NA
1996,NM,West,NA
1996,NV,West,NA
1996,NY,Northeast,NA
1996,OH,Midwest,NA
1996,OK,South,NA
1996,OR,West,NA
1996,PA,Northeast,NA
1996,RI,Northeast,NA
1996,SC,South,NA
1996,SD,Midwest,NA
1996,TN,South,NA
1996,TX,South,NA
1996,UT,West,NA
1996,VA,South,NA
1996,VT,Northeast,NA
1996,WA,West,NA
1996,WI,Midwest,NA
1996,WV,South,NA
1996,WY,West,NA
1997,AK,West,NA
1997,AL,South,NA
1997,AR,South,NA
1997,AZ,West,NA
1997,CA,West,NA
1997,CO,West,NA
1997,CT,Northeast,NA
1997,DE,South,NA
1997,FL,South,NA
1997,GA,South,NA
1997,HI,West,NA
1997,IA,Midwest,NA
1997,ID,West,NA
1997,IL,Midwest,NA
1997,IN,Midwest,NA
1997,KS,Midwest,NA
1997,KY,South,NA
1997,LA,South,NA
1997,MA,Northeast,NA
1997,MD,South,NA
1997,ME,Northeast,NA
1997,MI,Midwest,NA
1997,MN,Midwest,NA
1997,MO,Midwest,NA
1997,MS,South,NA
1997,MT,West,NA
1997,NC,South,NA
1997,ND,Midwest,NA
1997,NE,Midwest,NA
1997,NH,Northeast,NA
1997,NJ,Northeast,NA
1997,NM,West,NA
1997,NV,West,NA
1997,NY,Northeast,NA
1997,OH,Midwest,NA
1997,OK,South,NA
1997,OR,West,NA
1997,PA,Northeast,NA
1997,RI,Northeast,NA
1997,SC,South,NA
1997,SD,Midwest,NA
1997,TN,South,NA
1997,TX,South,NA
1997,UT,West,NA
1997,VA,South,NA
1997,VT,Northeast,NA
1997,WA,West,NA
1997,WI,Midwest,NA
1997,WV,South,NA
1997,WY,West,NA
1998,AK,West,NA
1998,AL,South,NA
1998,AR,South,NA
1998,AZ,West,NA
1998,CA,West,NA
1998,CO,West,NA
1998,CT,Northeast,NA
1998,DE,South,NA
1998,FL,South,NA
1998,GA,South,NA
1998,HI,West,NA
1998,IA,Midwest,NA
1998,ID,West,NA
1998,IL,Midwest,NA
1998,IN,Midwest,NA
1998,KS,Midwest,NA
1998,KY,South,NA
1998,LA,South,NA
1998,MA,Northeast,NA
1998,MD,South,NA
1998,ME,Northeast,NA
1998,MI,Midwest,NA
1998,MN,Midwest,NA
1998,MO,Midwest,NA
1998,MS,South,NA
1998,MT,West,NA
1998,NC,South,NA
1998,ND,Midwest,NA
1998,NE,Midwest,NA
1998,NH,Northeast,NA
1998,NJ,Northeast,NA
1998,NM,West,NA
1998,NV,West,NA
1998,NY,Northeast,NA
1998,OH,Midwest,NA
1998,OK,South,NA
1998,OR,West,NA
1998,PA,Northeast,NA
1998,RI,Northeast,NA
1998,SC,South,NA
1998,SD,Midwest,NA
1998,TN,South,NA
1998,TX,South,NA
1998,UT,West,NA
1998,VA,South,NA
1998,VT,Northeast,NA
1998,WA,West,NA
1998,WI,Midwest,NA
1998,WV,South,NA
1998,WY,West,NA
1999,AK,West,NA
1999,AL,South,NA
1999,AR,South,NA
1999,AZ,West,NA
1999,CA,West,NA
1999,CO,West,NA
1999,CT,Northeast,NA
1999,DE,South,NA
1999,FL,South,NA
1999,GA,South,NA
1999,HI,West,NA
1999,IA,Midwest,NA
1999,ID,West,NA
1999,IL,Midwest,NA
1999,IN,Midwest,NA
1999,KS,Midwest,NA
1999,KY,South,NA
1999,LA,South,NA
1999,MA,Northeast,NA
1999,MD,South,NA
1999,ME,Northeast,NA
1999,MI,Midwest,NA
1999,MN,Midwest,NA
1999,MO,Midwest,NA
1999,MS,South,NA
1999,MT,West,NA
1999,NC,South,NA
1999,ND,Midwest,NA
1999,NE,Midwest,NA
1999,NH,Northeast,NA
1999,NJ,Northeast,NA
1999,NM,West,NA
1999,NV,West,NA
1999,NY,Northeast,NA
1999,OH,Midwest,NA
1999,OK,South,NA
1999,OR,West,NA
1999,PA,Northeast,NA
1999,RI,Northeast,NA
1999,SC,South,NA
1999,SD,Midwest,NA
1999,TN,South,NA
1999,TX,South,NA
1999,UT,West,NA
1999,VA,South,NA
1999,VT,Northeast,NA
1999,WA,West,NA
1999,WI,Midwest,NA
1999,WV,South,NA
1999,WY,West,NA
2e3,AK,West,NA
2e3,AL,South,NA
2e3,AR,South,NA
2e3,AZ,West,NA
2e3,CA,West,NA
2e3,CO,West,NA
2e3,CT,Northeast,NA
2e3,DE,South,NA
2e3,FL,South,NA
2e3,GA,South,NA
2e3,HI,West,NA
2e3,IA,Midwest,NA
2e3,ID,West,NA
2e3,IL,Midwest,NA
2e3,IN,Midwest,NA
2e3,KS,Midwest,NA
2e3,KY,South,NA
2e3,LA,South,NA
2e3,MA,Northeast,NA
2e3,MD,South,NA
2e3,ME,Northeast,NA
2e3,MI,Midwest,NA
2e3,MN,Midwest,NA
2e3,MO,Midwest,NA
2e3,MS,South,NA
2e3,MT,West,NA
2e3,NC,South,NA
2e3,ND,Midwest,NA
2e3,NE,Midwest,NA
2e3,NH,Northeast,NA
2e3,NJ,Northeast,NA
2e3,NM,West,NA
2e3,NV,West,NA
2e3,NY,Northeast,NA
2e3,OH,Midwest,NA
2e3,OK,South,NA
2e3,OR,West,NA
2e3,PA,Northeast,NA
2e3,RI,Northeast,NA
2e3,SC,South,NA
2e3,SD,Midwest,NA
2e3,TN,South,NA
2e3,TX,South,NA
2e3,UT,West,NA
2e3,VA,South,NA
2e3,VT,Northeast,NA
2e3,WA,West,NA
2e3,WI,Midwest,NA
2e3,WV,South,NA
2e3,WY,West,NA
2001,AK,West,NA
2001,AL,South,NA
2001,AR,South,NA
2001,AZ,West,NA
2001,CA,West,NA
2001,CO,West,NA
2001,CT,Northeast,NA
2001,DE,South,NA
2001,FL,South,NA
2001,GA,South,NA
2001,HI,West,NA
2001,IA,Midwest,NA
2001,ID,West,NA
2001,IL,Midwest,NA
2001,IN,Midwest,NA
2001,KS,Midwest,NA
2001,KY,South,NA
2001,LA,South,NA
2001,MA,Northeast,NA
2001,MD,South,NA
2001,ME,Northeast,NA
2001,MI,Midwest,NA
2001,MN,Midwest,NA
2001,MO,Midwest,NA
2001,MS,South,NA
2001,MT,West,NA
2001,NC,South,NA
2001,ND,Midwest,NA
2001,NE,Midwest,NA
2001,NH,Northeast,NA
2001,NJ,Northeast,NA
2001,NM,West,NA
2001,NV,West,NA
2001,NY,Northeast,NA
2001,OH,Midwest,NA
2001,OK,South,NA
2001,OR,West,NA
2001,PA,Northeast,NA
2001,RI,Northeast,NA
2001,SC,South,NA
2001,SD,Midwest,NA
2001,TN,South,NA
2001,TX,South,NA
2001,UT,West,NA
2001,VA,South,NA
2001,VT,Northeast,NA
2001,WA,West,NA
2001,WI,Midwest,NA
2001,WV,South,NA
2001,WY,West,NA
2002,AK,West,NA
2002,AL,South,NA
2002,AR,South,NA
2002,AZ,West,NA
2002,CA,West,NA
2002,CO,West,NA
2002,CT,Northeast,NA
2002,DE,South,NA
2002,FL,South,NA
2002,GA,South,NA
2002,HI,West,NA
2002,IA,Midwest,NA
2002,ID,West,NA
2002,IL,Midwest,NA
2002,IN,Midwest,NA
2002,KS,Midwest,NA
2002,KY,South,NA
2002,LA,South,NA
2002,MA,Northeast,NA
2002,MD,South,NA
2002,ME,Northeast,NA
2002,MI,Midwest,NA
2002,MN,Midwest,NA
2002,MO,Midwest,NA
2002,MS,South,NA
2002,MT,West,NA
2002,NC,South,NA
2002,ND,Midwest,NA
2002,NE,Midwest,NA
2002,NH,Northeast,NA
2002,NJ,Northeast,NA
2002,NM,West,NA
2002,NV,West,NA
2002,NY,Northeast,NA
2002,OH,Midwest,NA
2002,OK,South,NA
2002,OR,West,NA
2002,PA,Northeast,NA
2002,RI,Northeast,NA
2002,SC,South,NA
2002,SD,Midwest,NA
2002,TN,South,NA
2002,TX,South,NA
2002,UT,West,NA
2002,VA,South,NA
2002,VT,Northeast,NA
2002,WA,West,NA
2002,WI,Midwest,NA
2002,WV,South,NA
2002,WY,West,NA
2003,AK,West,NA
2003,AL,South,NA
2003,AR,South,NA
2003,AZ,West,NA
2003,CA,West,NA
2003,CO,West,NA
2003,CT,Northeast,NA
2003,DE,South,NA
2003,FL,South,NA
2003,GA,South,NA
2003,HI,West,NA
2003,IA,Midwest,NA
2003,ID,West,NA
2003,IL,Midwest,NA
2003,IN,Midwest,NA
2003,KS,Midwest,NA
2003,KY,South,NA
2003,LA,South,NA
2003,MA,Northeast,NA
2003,MD,South,NA
2003,ME,Northeast,NA
2003,MI,Midwest,NA
2003,MN,Midwest,NA
2003,MO,Midwest,NA
2003,MS,South,NA
2003,MT,West,NA
2003,NC,South,NA
2003,ND,Midwest,NA
2003,NE,Midwest,NA
2003,NH,Northeast,NA
2003,NJ,Northeast,NA
2003,NM,West,NA
2003,NV,West,NA
2003,NY,Northeast,NA
2003,OH,Midwest,NA
2003,OK,South,NA
2003,OR,West,NA
2003,PA,Northeast,NA
2003,RI,Northeast,NA
2003,SC,South,NA
2003,SD,Midwest,NA
2003,TN,South,NA
2003,TX,South,NA
2003,UT,West,NA
2003,VA,South,NA
2003,VT,Northeast,NA
2003,WA,West,NA
2003,WI,Midwest,NA
2003,WV,South,NA
2003,WY,West,NA
2004,AK,West,NA
2004,AL,South,NA
2004,AR,South,NA
2004,AZ,West,NA
2004,CA,West,NA
2004,CO,West,NA
2004,CT,Northeast,NA
2004,DE,South,NA
2004,FL,South,NA
2004,GA,South,NA
2004,HI,West,NA
2004,IA,Midwest,NA
2004,ID,West,NA
2004,IL,Midwest,NA
2004,IN,Midwest,NA
2004,KS,Midwest,NA
2004,KY,South,NA
2004,LA,South,NA
2004,MA,Northeast,NA
2004,MD,South,NA
2004,ME,Northeast,NA
2004,MI,Midwest,NA
2004,MN,Midwest,NA
2004,MO,Midwest,NA
2004,MS,South,NA
2004,MT,West,NA
2004,NC,South,NA
2004,ND,Midwest,NA
2004,NE,Midwest,NA
2004,NH,Northeast,NA
2004,NJ,Northeast,NA
2004,NM,West,NA
2004,NV,West,NA
2004,NY,Northeast,NA
2004,OH,Midwest,NA
2004,OK,South,NA
2004,OR,West,NA
2004,PA,Northeast,NA
2004,RI,Northeast,NA
2004,SC,South,NA
2004,SD,Midwest,NA
2004,TN,South,NA
2004,TX,South,NA
2004,UT,West,NA
2004,VA,South,NA
2004,VT,Northeast,NA
2004,WA,West,NA
2004,WI,Midwest,NA
2004,WV,South,NA
2004,WY,West,NA
2005,AK,West,NA
2005,AL,South,NA
2005,AR,South,NA
2005,AZ,West,NA
2005,CA,West,NA
2005,CO,West,NA
2005,CT,Northeast,NA
2005,DE,South,NA
2005,FL,South,NA
2005,GA,South,NA
2005,HI,West,NA
2005,IA,Midwest,NA
2005,ID,West,NA
2005,IL,Midwest,NA
2005,IN,Midwest,NA
2005,KS,Midwest,NA
2005,KY,South,NA
2005,LA,South,NA
2005,MA,Northeast,NA
2005,MD,South,NA
2005,ME,Northeast,NA
2005,MI,Midwest,NA
2005,MN,Midwest,NA
2005,MO,Midwest,NA
2005,MS,South,NA
2005,MT,West,NA
2005,NC,South,NA
2005,ND,Midwest,NA
2005,NE,Midwest,NA
2005,NH,Northeast,NA
2005,NJ,Northeast,NA
2005,NM,West,NA
2005,NV,West,NA
2005,NY,Northeast,NA
2005,OH,Midwest,NA
2005,OK,South,NA
2005,OR,West,NA
2005,PA,Northeast,NA
2005,RI,Northeast,NA
2005,SC,South,NA
2005,SD,Midwest,NA
2005,TN,South,NA
2005,TX,South,NA
2005,UT,West,NA
2005,VA,South,NA
2005,VT,Northeast,NA
2005,WA,West,NA
2005,WI,Midwest,NA
2005,WV,South,NA
2005,WY,West,NA
2006,AK,West,NA
2006,AL,South,NA
2006,AR,South,NA
2006,AZ,West,NA
2006,CA,West,NA
2006,CO,West,NA
2006,CT,Northeast,NA
2006,DE,South,NA
2006,FL,South,NA
2006,GA,South,NA
2006,HI,West,NA
2006,IA,Midwest,NA
2006,ID,West,NA
2006,IL,Midwest,NA
2006,IN,Midwest,NA
2006,KS,Midwest,NA
2006,KY,South,NA
2006,LA,South,NA
2006,MA,Northeast,NA
2006,MD,South,NA
2006,ME,Northeast,NA
2006,MI,Midwest,NA
2006,MN,Midwest,NA
2006,MO,Midwest,NA
2006,MS,South,NA
2006,MT,West,NA
2006,NC,South,NA
2006,ND,Midwest,NA
2006,NE,Midwest,NA
2006,NH,Northeast,NA
2006,NJ,Northeast,NA
2006,NM,West,NA
2006,NV,West,NA
2006,NY,Northeast,NA
2006,OH,Midwest,NA
2006,OK,South,NA
2006,OR,West,NA
2006,PA,Northeast,NA
2006,RI,Northeast,NA
2006,SC,South,NA
2006,SD,Midwest,NA
2006,TN,South,NA
2006,TX,South,NA
2006,UT,West,NA
2006,VA,South,NA
2006,VT,Northeast,NA
2006,WA,West,NA
2006,WI,Midwest,NA
2006,WV,South,NA
2006,WY,West,NA
2007,AK,West,NA
2007,AL,South,NA
2007,AR,South,NA
2007,AZ,West,NA
2007,CA,West,NA
2007,CO,West,NA
2007,CT,Northeast,NA
2007,DE,South,NA
2007,FL,South,NA
2007,GA,South,NA
2007,HI,West,NA
2007,IA,Midwest,NA
2007,ID,West,NA
2007,IL,Midwest,NA
2007,IN,Midwest,NA
2007,KS,Midwest,NA
2007,KY,South,NA
2007,LA,South,NA
2007,MA,Northeast,NA
2007,MD,South,NA
2007,ME,Northeast,NA
2007,MI,Midwest,NA
2007,MN,Midwest,NA
2007,MO,Midwest,NA
2007,MS,South,NA
2007,MT,West,NA
2007,NC,South,NA
2007,ND,Midwest,NA
2007,NE,Midwest,NA
2007,NH,Northeast,NA
2007,NJ,Northeast,NA
2007,NM,West,NA
2007,NV,West,NA
2007,NY,Northeast,NA
2007,OH,Midwest,NA
2007,OK,South,NA
2007,OR,West,NA
2007,PA,Northeast,NA
2007,RI,Northeast,NA
2007,SC,South,NA
2007,SD,Midwest,NA
2007,TN,South,NA
2007,TX,South,NA
2007,UT,West,NA
2007,VA,South,NA
2007,VT,Northeast,NA
2007,WA,West,NA
2007,WI,Midwest,NA
2007,WV,South,NA
2007,WY,West,NA
2008,AK,West,NA
2008,AL,South,NA
2008,AR,South,NA
2008,AZ,West,NA
2008,CA,West,NA
2008,CO,West,NA
2008,CT,Northeast,NA
2008,DE,South,NA
2008,FL,South,NA
2008,GA,South,NA
2008,HI,West,NA
2008,IA,Midwest,NA
2008,ID,West,NA
2008,IL,Midwest,NA
2008,IN,Midwest,NA
2008,KS,Midwest,NA
2008,KY,South,NA
2008,LA,South,NA
2008,MA,Northeast,NA
2008,MD,South,NA
2008,ME,Northeast,NA
2008,MI,Midwest,NA
2008,MN,Midwest,NA
2008,MO,Midwest,NA
2008,MS,South,NA
2008,MT,West,NA
2008,NC,South,NA
2008,ND,Midwest,NA
2008,NE,Midwest,NA
2008,NH,Northeast,NA
2008,NJ,Northeast,NA
2008,NM,West,NA
2008,NV,West,NA
2008,NY,Northeast,NA
2008,OH,Midwest,NA
2008,OK,South,NA
2008,OR,West,NA
2008,PA,Northeast,NA
2008,RI,Northeast,NA
2008,SC,South,NA
2008,SD,Midwest,NA
2008,TN,South,NA
2008,TX,South,NA
2008,UT,West,NA
2008,VA,South,NA
2008,VT,Northeast,NA
2008,WA,West,NA
2008,WI,Midwest,NA
2008,WV,South,NA
2008,WY,West,NA
2009,AK,West,NA
2009,AL,South,NA
2009,AR,South,NA
2009,AZ,West,NA
2009,CA,West,NA
2009,CO,West,NA
2009,CT,Northeast,NA
2009,DE,South,NA
2009,FL,South,NA
2009,GA,South,NA
2009,HI,West,NA
2009,IA,Midwest,NA
2009,ID,West,NA
2009,IL,Midwest,NA
2009,IN,Midwest,NA
2009,KS,Midwest,NA
2009,KY,South,NA
2009,LA,South,NA
2009,MA,Northeast,NA
2009,MD,South,NA
2009,ME,Northeast,NA
2009,MI,Midwest,NA
2009,MN,Midwest,NA
2009,MO,Midwest,NA
2009,MS,South,NA
2009,MT,West,NA
2009,NC,South,NA
2009,ND,Midwest,NA
2009,NE,Midwest,NA
2009,NH,Northeast,NA
2009,NJ,Northeast,NA
2009,NM,West,NA
2009,NV,West,NA
2009,NY,Northeast,NA
2009,OH,Midwest,NA
2009,OK,South,NA
2009,OR,West,NA
2009,PA,Northeast,NA
2009,RI,Northeast,NA
2009,SC,South,NA
2009,SD,Midwest,NA
2009,TN,South,NA
2009,TX,South,NA
2009,UT,West,NA
2009,VA,South,NA
2009,VT,Northeast,NA
2009,WA,West,NA
2009,WI,Midwest,NA
2009,WV,South,NA
2009,WY,West,NA
2010,AK,West,NA
2010,AL,South,NA
2010,AR,South,NA
2010,AZ,West,NA
2010,CA,West,NA
2010,CO,West,NA
2010,CT,Northeast,NA
2010,DE,South,NA
2010,FL,South,NA
2010,GA,South,NA
2010,HI,West,NA
2010,IA,Midwest,NA
2010,ID,West,NA
2010,IL,Midwest,NA
2010,IN,Midwest,NA
2010,KS,Midwest,NA
2010,KY,South,NA
2010,LA,South,NA
2010,MA,Northeast,NA
2010,MD,South,NA
2010,ME,Northeast,NA
2010,MI,Midwest,NA
2010,MN,Midwest,NA
2010,MO,Midwest,NA
2010,MS,South,NA
2010,MT,West,NA
2010,NC,South,NA
2010,ND,Midwest,NA
2010,NE,Midwest,NA
2010,NH,Northeast,NA
2010,NJ,Northeast,NA
2010,NM,West,NA
2010,NV,West,NA
2010,NY,Northeast,NA
2010,OH,Midwest,NA
2010,OK,South,NA
2010,OR,West,NA
2010,PA,Northeast,NA
2010,RI,Northeast,NA
2010,SC,South,NA
2010,SD,Midwest,NA
2010,TN,South,NA
2010,TX,South,NA
2010,UT,West,NA
2010,VA,South,NA
2010,VT,Northeast,NA
2010,WA,West,NA
2010,WI,Midwest,NA
2010,WV,South,NA
2010,WY,West,NA
2011,AK,West,NA
2011,AL,South,NA
2011,AR,South,NA
2011,AZ,West,NA
2011,CA,West,NA
2011,CO,West,NA
2011,CT,Northeast,NA
2011,DE,South,NA
2011,FL,South,NA
2011,GA,South,NA
2011,HI,West,NA
2011,IA,Midwest,NA
2011,ID,West,NA
2011,IL,Midwest,NA
2011,IN,Midwest,NA
2011,KS,Midwest,NA
2011,KY,South,NA
2011,LA,South,NA
2011,MA,Northeast,NA
2011,MD,South,NA
2011,ME,Northeast,NA
2011,MI,Midwest,NA
2011,MN,Midwest,NA
2011,MO,Midwest,NA
2011,MS,South,NA
2011,MT,West,NA
2011,NC,South,NA
2011,ND,Midwest,NA
2011,NE,Midwest,NA
2011,NH,Northeast,NA
2011,NJ,Northeast,NA
2011,NM,West,NA
2011,NV,West,NA
2011,NY,Northeast,NA
2011,OH,Midwest,NA
2011,OK,South,NA
2011,OR,West,NA
2011,PA,Northeast,NA
2011,RI,Northeast,NA
2011,SC,South,NA
2011,SD,Midwest,NA
2011,TN,South,NA
2011,TX,South,NA
2011,UT,West,NA
2011,VA,South,NA
2011,VT,Northeast,NA
2011,WA,West,NA
2011,WI,Midwest,NA
2011,WV,South,NA
2011,WY,West,NA
2012,AK,West,NA
2012,AL,South,NA
2012,AR,South,NA
2012,AZ,West,NA
2012,CA,West,NA
2012,CO,West,NA
2012,CT,Northeast,NA
2012,DE,South,NA
2012,FL,South,NA
2012,GA,South,NA
2012,HI,West,NA
2012,IA,Midwest,NA
2012,ID,West,NA
2012,IL,Midwest,NA
2012,IN,Midwest,NA
2012,KS,Midwest,NA
2012,KY,South,NA
2012,LA,South,NA
2012,MA,Northeast,NA
2012,MD,South,NA
2012,ME,Northeast,NA
2012,MI,Midwest,NA
2012,MN,Midwest,NA
2012,MO,Midwest,NA
2012,MS,South,NA
2012,MT,West,NA
2012,NC,South,NA
2012,ND,Midwest,NA
2012,NE,Midwest,NA
2012,NH,Northeast,NA
2012,NJ,Northeast,NA
2012,NM,West,NA
2012,NV,West,NA
2012,NY,Northeast,NA
2012,OH,Midwest,NA
2012,OK,South,NA
2012,OR,West,NA
2012,PA,Northeast,NA
2012,RI,Northeast,NA
2012,SC,South,NA
2012,SD,Midwest,NA
2012,TN,South,NA
2012,TX,South,NA
2012,UT,West,NA
2012,VA,South,NA
2012,VT,Northeast,NA
2012,WA,West,NA
2012,WI,Midwest,NA
2012,WV,South,NA
2012,WY,West,NA
2013,AK,West,NA
2013,AL,South,NA
2013,AR,South,NA
2013,AZ,West,NA
2013,CA,West,NA
2013,CO,West,NA
2013,CT,Northeast,NA
2013,DE,South,NA
2013,FL,South,NA
2013,GA,South,NA
2013,HI,West,NA
2013,IA,Midwest,NA
2013,ID,West,NA
2013,IL,Midwest,NA
2013,IN,Midwest,NA
2013,KS,Midwest,NA
2013,KY,South,NA
2013,LA,South,NA
2013,MA,Northeast,NA
2013,MD,South,NA
2013,ME,Northeast,NA
2013,MI,Midwest,NA
2013,MN,Midwest,NA
2013,MO,Midwest,NA
2013,MS,South,NA
2013,MT,West,NA
2013,NC,South,NA
2013,ND,Midwest,NA
2013,NE,Midwest,NA
2013,NH,Northeast,NA
2013,NJ,Northeast,NA
2013,NM,West,NA
2013,NV,West,NA
2013,NY,Northeast,NA
2013,OH,Midwest,NA
2013,OK,South,NA
2013,OR,West,NA
2013,PA,Northeast,NA
2013,RI,Northeast,NA
2013,SC,South,NA
2013,SD,Midwest,NA
2013,TN,South,NA
2013,TX,South,NA
2013,UT,West,NA
2013,VA,South,NA
2013,VT,Northeast,NA
2013,WA,West,NA
2013,WI,Midwest,NA
2013,WV,South,NA
2013,WY,West,NA
2014,AK,West,NA
2014,AL,South,NA
2014,AR,South,NA
2014,AZ,West,NA
2014,CA,West,NA
2014,CO,West,NA
2014,CT,Northeast,NA
2014,DE,South,NA
2014,FL,South,NA
2014,GA,South,NA
2014,HI,West,NA
2014,IA,Midwest,NA
2014,ID,West,NA
2014,IL,Midwest,NA
2014,IN,Midwest,NA
2014,KS,Midwest,NA
2014,KY,South,NA
2014,LA,South,NA
2014,MA,Northeast,NA
2014,MD,South,NA
2014,ME,Northeast,NA
2014,MI,Midwest,NA
2014,MN,Midwest,NA
2014,MO,Midwest,NA
2014,MS,South,NA
2014,MT,West,NA
2014,NC,South,NA
2014,ND,Midwest,NA
2014,NE,Midwest,NA
2014,NH,Northeast,NA
2014,NJ,Northeast,NA
2014,NM,West,NA
2014,NV,West,NA
2014,NY,Northeast,NA
2014,OH,Midwest,NA
2014,OK,South,NA
2014,OR,West,NA
2014,PA,Northeast,NA
2014,RI,Northeast,NA
2014,SC,South,NA
2014,SD,Midwest,NA
2014,TN,South,NA
2014,TX,South,NA
2014,UT,West,NA
2014,VA,South,NA
2014,VT,Northeast,NA
2014,WA,West,NA
2014,WI,Midwest,NA
2014,WV,South,NA
2014,WY,West,NA
2015,AK,West,NA
2015,AL,South,NA
2015,AR,South,NA
2015,AZ,West,NA
2015,CA,West,NA
2015,CO,West,NA
2015,CT,Northeast,NA
2015,DE,South,NA
2015,FL,South,NA
2015,GA,South,NA
2015,HI,West,NA
2015,IA,Midwest,NA
2015,ID,West,NA
2015,IL,Midwest,NA
2015,IN,Midwest,NA
2015,KS,Midwest,NA
2015,KY,South,NA
2015,LA,South,NA
2015,MA,Northeast,NA
2015,MD,South,NA
2015,ME,Northeast,NA
2015,MI,Midwest,NA
2015,MN,Midwest,NA
2015,MO,Midwest,NA
2015,MS,South,NA
2015,MT,West,NA
2015,NC,South,NA
2015,ND,Midwest,NA
2015,NE,Midwest,NA
2015,NH,Northeast,NA
2015,NJ,Northeast,NA
2015,NM,West,NA
2015,NV,West,NA
2015,NY,Northeast,NA
2015,OH,Midwest,NA
2015,OK,South,NA
2015,OR,West,NA
2015,PA,Northeast,NA
2015,RI,Northeast,NA
2015,SC,South,NA
2015,SD,Midwest,NA
2015,TN,South,NA
2015,TX,South,NA
2015,UT,West,NA
2015,VA,South,NA
2015,VT,Northeast,NA
2015,WA,West,NA
2015,WI,Midwest,NA
2015,WV,South,NA
2015,WY,West,NA
2016,AK,West,NA
2016,AL,South,NA
2016,AR,South,NA
2016,AZ,West,NA
2016,CA,West,NA
2016,CO,West,NA
2016,CT,Northeast,NA
2016,DE,South,NA
2016,FL,South,NA
2016,GA,South,NA
2016,HI,West,NA
2016,IA,Midwest,NA
2016,ID,West,NA
2016,IL,Midwest,NA
2016,IN,Midwest,NA
2016,KS,Midwest,NA
2016,KY,South,NA
2016,LA,South,NA
2016,MA,Northeast,NA
2016,MD,South,NA
2016,ME,Northeast,NA
2016,MI,Midwest,NA
2016,MN,Midwest,NA
2016,MO,Midwest,NA
2016,MS,South,NA
2016,MT,West,NA
2016,NC,South,NA
2016,ND,Midwest,NA
2016,NE,Midwest,NA
2016,NH,Northeast,NA
2016,NJ,Northeast,NA
2016,NM,West,NA
2016,NV,West,NA
2016,NY,Northeast,NA
2016,OH,Midwest,NA
2016,OK,South,NA
2016,OR,West,NA
2016,PA,Northeast,NA
2016,RI,Northeast,NA
2016,SC,South,NA
2016,SD,Midwest,NA
2016,TN,South,NA
2016,TX,South,NA
2016,UT,West,NA
2016,VA,South,NA
2016,VT,Northeast,NA
2016,WA,West,NA
2016,WI,Midwest,NA
2016,WV,South,NA
2016,WY,West,NA
